episode,L_total,L_fwd,L_nll,lr,grad_norm,val_mae,temperature,train_mae_UTS,train_mae_YS,train_mae_elongation,train_mae_reduction_of_area,train_mae_HRC,train_mae_impact_energy_J
0,10.28768253326416,1.7712643146514893,17.0328369140625,0.0002999998334504599,11.016864776611328,0.0,1.0,212.67803955078125,151.87545776367188,6.351972579956055,6.611814498901367,8.06224250793457,24.553455352783203
5,9.993403434753418,1.6056369543075562,16.77553367614746,0.0002999940042597082,14.75525188446045,0.0,0.99875,200.7766571044922,141.82843017578125,6.617053985595703,7.01142692565918,7.644678115844727,23.50745391845703
10,10.041327476501465,1.6855238676071167,16.711606979370117,0.0002999798480028952,13.005904197692871,0.0,0.9975,204.26502990722656,142.7874298095703,6.468460559844971,6.907696723937988,7.722506999969482,23.993907928466797
15,9.975626945495605,1.6633272171020508,16.62459945678711,0.00029995736555324544,12.545795440673828,0.0,0.99625,230.8546905517578,163.0635528564453,7.060874938964844,7.76521110534668,8.708099365234375,26.9279842376709
20,10.051617622375488,1.7716835737228394,16.55986785888672,0.0002999265582975825,8.841144561767578,0.0,0.995,192.22349548339844,137.6454620361328,6.3947978019714355,6.753950119018555,7.408666610717773,23.840152740478516
25,9.96979808807373,1.6402674913406372,16.659061431884766,0.00029988742813624286,7.995337963104248,0.0,0.99375,186.4966583251953,134.69778442382812,5.630648612976074,6.173888206481934,7.0995073318481445,22.3894100189209
30,9.854297637939453,1.577155590057373,16.554285049438477,0.0002998399774829593,5.583096027374268,0.0,0.9925,207.6265106201172,149.3699188232422,6.649968147277832,6.974550247192383,7.970935344696045,26.313730239868164
35,9.647160530090332,1.3666414022445679,16.561038970947266,0.0002997842092647116,7.9650468826293945,0.0,0.99125,224.7547607421875,159.8336639404297,7.370235443115234,7.721347808837891,8.606620788574219,27.292362213134766
40,9.722182273864746,1.4669042825698853,16.510555267333984,0.0002997201269215461,6.810165882110596,0.0,0.99,223.9209442138672,158.387939453125,7.146228313446045,7.590241432189941,8.557944297790527,28.738727569580078
45,9.919899940490723,1.6435034275054932,16.552793502807617,0.0002996477344063637,5.7251362800598145,0.0,0.98875,217.96490478515625,153.79037475585938,6.766831398010254,7.107590675354004,8.276646614074707,25.612567901611328
50,9.966036796569824,1.7783170938491821,16.375438690185547,0.0002995670361846756,6.0416789054870605,0.0,0.9875,214.42205810546875,150.218505859375,6.246243476867676,6.622342586517334,8.128722190856934,24.640743255615234
55,9.929535865783691,1.6706656217575073,16.51774024963379,0.00029947803723432825,8.068327903747559,0.0,0.98625,192.13027954101562,138.68817138671875,5.689998626708984,6.256978988647461,7.331246376037598,21.840042114257812
60,9.74796199798584,1.5621792078018188,16.371564865112305,0.00029938074304519625,11.087531089782715,0.0,0.985,185.30441284179688,131.70941162109375,5.671390533447266,6.052507400512695,7.051577568054199,22.427488327026367
65,9.83829116821289,1.5685601234436035,16.53946304321289,0.0002992751596188433,5.405934810638428,0.0,0.98375,193.45614624023438,137.66305541992188,5.893815040588379,6.208985328674316,7.319239616394043,22.382587432861328
70,10.116068840026855,1.8107330799102783,16.610671997070312,0.0002991612934681527,4.622621536254883,0.0,0.9825,210.97970581054688,152.3311767578125,6.450651168823242,6.615805625915527,8.111750602722168,25.540058135986328
75,9.859322547912598,1.5494606494903564,16.61972427368164,0.0002990391516169248,6.955264568328857,0.0,0.98125,190.8809051513672,136.95269775390625,5.83430290222168,6.065959930419922,7.214017868041992,22.487163543701172
80,9.690604209899902,1.4325662851333618,16.516075134277344,0.0002989087415994444,6.319410800933838,0.0,0.98,200.08743286132812,142.27662658691406,5.972444534301758,6.203800201416016,7.65081787109375,22.349180221557617
85,9.941768646240234,1.6778521537780762,16.527833938598633,0.0002987700714600157,7.648550987243652,0.0,0.97875,197.04441833496094,138.16543579101562,5.903725624084473,6.041082382202148,7.440158367156982,22.690412521362305
90,9.898146629333496,1.6516486406326294,16.492996215820312,0.000298623149752466,6.320974349975586,0.0,0.9775,193.2239532470703,139.6187744140625,5.9318695068359375,6.124776840209961,7.429424285888672,21.778091430664062
95,9.686063766479492,1.4500255584716797,16.472076416015625,0.00029846798553961835,5.922059059143066,0.0,0.97625,182.12594604492188,130.8504638671875,5.55839204788208,5.953469276428223,6.963901519775391,21.41315269470215
100,9.631535530090332,1.3026727437973022,16.657726287841797,0.00029830458839273226,4.9177727699279785,0.0,0.975,194.099853515625,141.08323669433594,5.910178184509277,6.244911193847656,7.454894065856934,23.279033660888672
105,9.725059509277344,1.434061884880066,16.581995010375977,0.00029813296839091346,15.392399787902832,0.0,0.97375,173.2208251953125,125.59132385253906,5.322212219238281,5.555666446685791,6.620277404785156,18.78458595275879
110,9.489412307739258,1.183162808418274,16.612499237060547,0.000297953136120492,6.197024822235107,0.0,0.9725,190.7340087890625,136.67828369140625,5.5211310386657715,5.659160614013672,7.181387424468994,20.73816680908203
115,9.226306915283203,1.0845204591751099,16.283573150634766,0.00029776510267436946,17.44056510925293,0.0,0.97125,127.89390563964844,91.24678039550781,3.7714056968688965,4.457602500915527,4.865686416625977,14.752604484558105
120,9.189156532287598,1.0794970989227295,16.219318389892578,0.00029756887965133453,14.488353729248047,0.0,0.97,101.23540496826172,73.40779113769531,3.1396379470825195,3.8056728839874268,3.9094135761260986,11.668669700622559
125,8.894271850585938,0.7338433265686035,16.320858001708984,0.00029736447915534745,50.01942825317383,0.0,0.96875,128.07913208007812,91.69197082519531,3.650265693664551,4.076863765716553,4.796481609344482,13.10013484954834
130,9.1083345413208,0.8221043348312378,16.572460174560547,0.00029715191379479374,13.72962474822998,0.0,0.9675,139.12261962890625,100.02081298828125,4.208620071411133,4.512541770935059,5.329339981079102,14.913662910461426
135,9.229294776916504,0.894619345664978,16.66935157775879,0.0002969311966817061,78.94048309326172,0.0,0.96625,142.06866455078125,104.91217041015625,4.031827926635742,4.299027442932129,5.490769386291504,14.597854614257812
140,8.991312980651855,0.9109428524971008,16.16073989868164,0.00029670234143095564,80.21123504638672,0.0,0.965,107.3187255859375,75.46345520019531,3.772228956222534,4.255687236785889,4.084844589233398,11.723591804504395
145,9.076433181762695,0.7973663806915283,16.558134078979492,0.00029646536215941236,40.833499908447266,0.0,0.96375,124.7388916015625,91.56399536132812,3.5215272903442383,3.774221181869507,4.825161933898926,11.43112564086914
150,9.123248100280762,0.9477232694625854,16.351049423217773,0.0002962202734850739,66.93489074707031,0.0,0.9625,104.65809631347656,77.19537353515625,3.193849563598633,3.770369529724121,4.014497756958008,11.417187690734863
155,8.94388198852539,0.6955518126487732,16.496660232543945,0.00029596709052616426,63.33509826660156,0.0,0.96125,107.26667785644531,78.45866394042969,3.1106114387512207,3.566155433654785,4.112882614135742,11.961105346679688
160,8.752559661865234,0.6377856731414795,16.22954750061035,0.00029570582890020087,58.83878707885742,0.0,0.96,99.83515930175781,73.01922607421875,2.7266149520874023,3.292124032974243,3.8822274208068848,9.861298561096191
165,8.672296524047852,0.6272149085998535,16.09016227722168,0.00029543650472303143,4.878056049346924,0.0,0.95875,103.57406616210938,75.49162292480469,3.254978656768799,3.990629196166992,3.9794681072235107,11.578922271728516
170,8.721163749694824,0.6672359108924866,16.10785484313965,0.00029515913460783993,33.7673454284668,0.0,0.9575,95.16905212402344,70.98995971679688,2.745476722717285,3.336397409439087,3.6966607570648193,10.700489044189453
175,8.619057655334473,0.5446118116378784,16.14889144897461,0.00029487373566412155,4.264664173126221,0.0,0.95625,92.047607421875,68.38185119628906,2.7175822257995605,3.2212133407592773,3.537928581237793,10.671414375305176
180,8.613075256347656,0.5657122731208801,16.0947265625,0.0002945803254966275,41.11051940917969,0.0,0.955,83.56756591796875,61.661277770996094,2.5075438022613525,3.073745012283325,3.2191569805145264,9.849363327026367
185,8.527200698852539,0.5191779732704163,16.01604461669922,0.00029427892220427896,17.09398651123047,0.0,0.95375,86.58341979980469,62.966102600097656,2.6130623817443848,3.345520496368408,3.303739070892334,8.966015815734863
190,8.617450714111328,0.5030202269554138,16.22886085510254,0.0002939695443790508,22.221681594848633,0.0,0.9525,93.26614379882812,67.93153381347656,2.6347479820251465,3.2685728073120117,3.5651021003723145,10.871953010559082
195,8.747411727905273,0.6269700527191162,16.240882873535156,0.0002936522111048245,79.40115356445312,0.0,0.95125,107.72793579101562,77.38809204101562,3.439206123352051,3.6473159790039062,4.2157697677612305,11.387510299682617
200,8.59858226776123,0.5344251394271851,16.128314971923828,0.0002933269419562113,71.66616821289062,0.0,0.95,114.58075714111328,83.27590942382812,3.174889087677002,3.5564658641815186,4.388383865356445,12.616504669189453
205,8.848623275756836,0.826627790927887,16.043991088867188,0.0002929937569973443,68.07234954833984,0.0,0.94875,95.78413391113281,68.70802307128906,3.104151964187622,3.5187268257141113,3.6698269844055176,9.774940490722656
210,8.621013641357422,0.5253753662109375,16.19127655029297,0.0002926526767806413,30.319435119628906,0.0,0.9475,92.36112976074219,66.41681671142578,2.6351258754730225,3.031259059906006,3.5366897583007812,10.341853141784668
215,8.583393096923828,0.46784356236457825,16.231098175048828,0.0002923037223455367,10.000311851501465,0.0,0.94625,81.84522247314453,61.45338439941406,2.378854751586914,2.6904401779174805,3.216259241104126,9.707832336425781
220,8.454965591430664,0.3981683850288391,16.11359405517578,0.00029194691521718374,2.969759702682495,0.0,0.945,87.4948501586914,63.4178352355957,2.5158486366271973,3.125969171524048,3.286651134490967,8.841506004333496
225,8.561837196350098,0.5266062617301941,16.07046127319336,0.0002915822774051268,11.01378345489502,0.0,0.94375,83.32980346679688,60.21607971191406,2.285123348236084,2.7812836170196533,3.1645164489746094,9.230192184448242
230,8.562223434448242,0.46819281578063965,16.188060760498047,0.0002912098314019437,4.9653472900390625,0.0,0.9425,92.84746551513672,67.8016586303711,2.5764708518981934,3.0249500274658203,3.5649025440216064,10.192342758178711
235,8.485624313354492,0.43874913454055786,16.09375,0.0002908296001818584,33.414695739746094,0.0,0.94125,87.53580474853516,60.83110809326172,2.6046698093414307,3.0376877784729004,3.329568386077881,9.014951705932617
240,8.477121353149414,0.43696194887161255,16.080318450927734,0.0002904416071993236,20.866905212402344,0.0,0.94,77.30793762207031,57.124755859375,2.2079668045043945,2.6963963508605957,2.8711118698120117,8.575045585632324
245,8.558578491210938,0.523646891117096,16.069862365722656,0.00029004587638757395,16.70572853088379,0.0,0.93875,87.02656555175781,62.57953643798828,2.4464616775512695,3.194098711013794,3.27207088470459,9.832711219787598
250,8.544424057006836,0.4670184552669525,16.15481185913086,0.0002896424321571501,3.2273972034454346,0.0,0.9375,81.29796600341797,58.336387634277344,2.571167230606079,3.215425729751587,3.101226329803467,8.237798690795898
255,8.442207336425781,0.3793278634548187,16.12575912475586,0.00028923129939439245,33.83127975463867,0.0,0.93625,82.8802719116211,60.93982696533203,2.416621685028076,2.9868977069854736,3.2327420711517334,9.83334732055664
260,8.496515274047852,0.46000900864601135,16.073013305664062,0.0002888125034599065,42.90149688720703,0.0,0.935,76.77507019042969,53.39299011230469,2.4240012168884277,2.936776638031006,2.8232269287109375,8.781085014343262
265,8.406373977661133,0.4037025570869446,16.005342483520508,0.0002883860701869982,33.286930084228516,0.0,0.93375,80.33807373046875,55.479793548583984,2.315408229827881,2.9053940773010254,3.0010128021240234,9.062920570373535
270,8.511110305786133,0.46712931990623474,16.087961196899414,0.0002879520258800805,2.841125965118408,0.0,0.9325,97.93534088134766,69.60570526123047,2.572176456451416,3.1981258392333984,3.746318817138672,10.639749526977539
275,8.667180061340332,0.6503938436508179,16.033573150634766,0.0002875103973130508,25.164268493652344,0.0,0.93125,89.59996795654297,63.563323974609375,2.919546127319336,3.56380558013916,3.409198760986328,9.925932884216309
280,8.358534812927246,0.419475257396698,15.878118515014648,0.00028706121172763924,64.7007827758789,0.0,0.9299999999999999,110.1617431640625,81.36605834960938,3.1182048320770264,3.515540599822998,4.188695907592773,13.328607559204102
285,8.521651268005371,0.5197915434837341,16.003719329833984,0.00028660449683172873,59.86379623413086,0.0,0.92875,87.03982543945312,60.538692474365234,2.671780824661255,3.5841822624206543,3.248990297317505,9.18281364440918
290,8.432367324829102,0.44274917244911194,15.979235649108887,0.0002861402807976453,18.853214263916016,0.0,0.9275,84.93873596191406,61.04991912841797,2.5727145671844482,3.1975059509277344,3.2438440322875977,9.721773147583008
295,8.462462425231934,0.456186443567276,16.01255226135254,0.0002856685922604206,52.282310485839844,0.0,0.92625,82.95753479003906,59.8674430847168,2.1288390159606934,2.768031597137451,3.12227725982666,8.072681427001953
300,8.513772010803223,0.5062358379364014,16.015071868896484,0.00028518946031602546,12.133035659790039,0.0,0.925,88.07501220703125,62.833518981933594,2.7143638134002686,3.2202603816986084,3.3535478115081787,8.480405807495117
305,8.390501976013184,0.42345669865608215,15.934090614318848,0.0002847029145195751,17.26409339904785,0.0,0.92375,80.93252563476562,56.085838317871094,2.4027295112609863,2.8959579467773438,2.9633350372314453,8.975016593933105
310,8.354846000671387,0.37096866965293884,15.967754364013672,0.0002842089848835061,2.7309799194335938,0.0,0.9225,81.9367904663086,57.87541961669922,2.4549150466918945,2.985907554626465,3.0683138370513916,9.00092887878418
315,8.38908576965332,0.39023858308792114,15.997694969177246,0.00028370770187572503,3.9608871936798096,0.0,0.92125,83.42178344726562,58.00008010864258,2.31553053855896,3.0783233642578125,3.1177120208740234,10.491836547851562
320,8.332230567932129,0.42021825909614563,15.82402515411377,0.00028319909641772914,15.324921607971191,0.0,0.92,86.52440643310547,61.824913024902344,2.1540095806121826,2.914285898208618,3.2504847049713135,9.004657745361328
325,8.376009941101074,0.4054945409297943,15.941030502319336,0.0002826831998826987,13.398880958557129,0.0,0.91875,77.85186767578125,54.60210418701172,2.401473045349121,2.985623359680176,3.015657663345337,7.81601095199585
330,8.388564109802246,0.43349921703338623,15.91012954711914,0.00028216004409356213,17.979324340820312,0.0,0.9175,93.6970443725586,65.62899780273438,2.446380376815796,2.946902275085449,3.4659576416015625,9.876667022705078
335,8.388701438903809,0.4283372163772583,15.920727729797363,0.00028162966132103275,4.0742669105529785,0.0,0.91625,88.38616943359375,60.26495361328125,2.673556089401245,3.4266858100891113,3.350710868835449,8.924003601074219
340,8.28718090057373,0.37733393907546997,15.819694519042969,0.00028109208428161834,17.886920928955078,0.0,0.915,83.18757629394531,58.69855880737305,2.2308337688446045,2.7865519523620605,3.0749988555908203,9.389534950256348
345,8.398826599121094,0.4084840714931488,15.980684280395508,0.00028054734613560295,8.884759902954102,0.0,0.9137500000000001,95.39586639404297,66.00189208984375,2.696502447128296,3.060652732849121,3.6127307415008545,10.369455337524414
350,8.37584114074707,0.4014330208301544,15.94881534576416,0.0002799954804850013,38.52042007446289,0.0,0.9125,92.18891143798828,63.94293975830078,2.7765603065490723,3.3483948707580566,3.501150369644165,8.24852466583252
355,8.604374885559082,0.4420689344406128,16.32461166381836,0.0002794365213714862,71.33625030517578,0.0,0.91125,94.8820571899414,66.46412658691406,2.500826358795166,2.896923303604126,3.6376748085021973,9.20408821105957
360,8.309026718139648,0.40108612179756165,15.81588077545166,0.00027887050327428885,9.97953987121582,0.0,0.91,74.70709228515625,52.9477653503418,2.125136375427246,2.8597753047943115,2.7966272830963135,9.579371452331543
365,8.308021545410156,0.36204084753990173,15.891961097717285,0.0002782974611080715,4.561701774597168,0.0,0.90875,81.53459930419922,57.761619567871094,2.336656093597412,2.9236879348754883,3.065260171890259,9.210927963256836
370,8.28869342803955,0.3380913734436035,15.901204109191895,0.00027771743022077434,32.82820129394531,0.0,0.9075,86.28085327148438,58.936527252197266,2.3648552894592285,3.0941739082336426,3.180866003036499,9.180652618408203
375,8.362600326538086,0.38291358947753906,15.95937442779541,0.00027713044639143466,31.012727737426758,0.0,0.90625,84.26556396484375,58.70198059082031,2.416057586669922,3.0431387424468994,3.1739180088043213,9.163545608520508
380,8.46378231048584,0.44814711809158325,16.03127098083496,0.00027653654582798,17.291471481323242,0.0,0.905,85.6192626953125,60.34912109375,2.6704516410827637,3.2912349700927734,3.3027727603912354,8.282121658325195
385,8.445154190063477,0.4931350648403168,15.904037475585938,0.00027593576516499467,33.404563903808594,0.0,0.90375,71.5804443359375,50.16077423095703,2.1295807361602783,2.673590898513794,2.636256694793701,8.193366050720215
390,8.387674331665039,0.42505326867103577,15.925241470336914,0.0002753281414614598,32.14055633544922,0.0,0.9025,92.64897155761719,63.371917724609375,2.8371939659118652,3.1209793090820312,3.4378275871276855,8.940459251403809
395,8.430255889892578,0.4520256817340851,15.956460952758789,0.0002747137121984676,13.506938934326172,0.0,0.90125,84.0352783203125,58.635467529296875,2.410439968109131,3.103020668029785,3.148308753967285,9.447955131530762
399,8.500226974487305,0.4818021357059479,16.036849975585938,0.00027421729424061787,0.0,23.18122673034668,0.90025,84.0352783203125,58.635467529296875,2.410439968109131,3.103020668029785,3.148308753967285,9.447955131530762
400,8.398844718933105,0.4949685335159302,15.80775260925293,0.0002740925152769094,73.03143310546875,0.0,0.9,77.38322448730469,52.921783447265625,2.4970526695251465,3.1097898483276367,2.852863073348999,8.439607620239258
405,8.530086517333984,0.46671783924102783,16.126737594604492,0.0002734645890151372,54.926666259765625,0.0,0.8987499999999999,86.55682373046875,60.78281021118164,2.2870359420776367,2.8837523460388184,3.1959290504455566,9.779204368591309
410,8.353804588317871,0.38840562105178833,15.930797576904297,0.00027282997214660073,2.9908688068389893,0.0,0.8975,85.86311340332031,59.56425476074219,2.231142044067383,2.933356285095215,3.267670154571533,8.933051109313965
415,8.263725280761719,0.36318597197532654,15.801077842712402,0.0002721887038174577,15.155011177062988,0.0,0.89625,73.535888671875,51.432762145996094,2.2577996253967285,2.7961459159851074,2.7306158542633057,8.669364929199219
420,8.320164680480957,0.3658708333969116,15.908587455749512,0.00027154082358415944,25.78240394592285,0.0,0.895,76.5316390991211,54.693721771240234,2.142261028289795,2.7478768825531006,2.930527687072754,8.748824119567871
425,8.307708740234375,0.33080071210861206,15.953815460205078,0.0002708863714110103,21.611366271972656,0.0,0.89375,84.8204345703125,60.207664489746094,2.268571138381958,2.869126319885254,3.0942115783691406,8.931962966918945
430,8.266278266906738,0.33744221925735474,15.857672691345215,0.00027022538766770325,11.257381439208984,0.0,0.8925,83.79584503173828,58.425621032714844,2.4166383743286133,3.0904667377471924,3.14770770072937,8.919183731079102
435,8.202282905578613,0.3983269929885864,15.607912063598633,0.00026955791312682905,5.211349964141846,0.0,0.89125,79.96150207519531,54.913028717041016,2.2674379348754883,2.9613962173461914,3.0265493392944336,8.90353775024414
440,8.283419609069824,0.41782671213150024,15.731185913085938,0.0002688839889613614,5.871927738189697,0.0,0.89,74.65021514892578,50.746089935302734,2.403604030609131,3.0808088779449463,2.7923498153686523,8.06448745727539
445,8.318975448608398,0.40501195192337036,15.827926635742188,0.00026820365674211735,60.74850082397461,0.0,0.88875,95.04928588867188,67.0150375366211,2.5143465995788574,3.0426220893859863,3.585261344909668,10.662099838256836
450,8.394749641418457,0.4406776428222656,15.908143997192383,0.0002675169584351928,32.49925994873047,0.0,0.8875,78.36714172363281,56.694549560546875,2.2362923622131348,2.7380545139312744,2.9527597427368164,8.955436706542969
455,8.282039642333984,0.3771347403526306,15.809810638427734,0.000266823936399374,31.287891387939453,0.0,0.88625,72.12684631347656,51.74275207519531,2.282365560531616,2.8460311889648438,2.75604510307312,7.324627876281738
460,8.25379467010498,0.3562694489955902,15.795049667358398,0.0002661246333835245,5.543776988983154,0.0,0.885,87.56517028808594,59.64265060424805,2.4586215019226074,3.111873149871826,3.2440037727355957,8.897705078125
465,8.237226486206055,0.35887253284454346,15.756708145141602,0.00026541909252394833,14.445624351501465,0.0,0.88375,82.07591247558594,56.71598815917969,2.6312434673309326,3.079610586166382,3.0602362155914307,8.595268249511719
470,8.2506685256958,0.37734970450401306,15.746638298034668,0.00026470735734172916,14.824750900268555,0.0,0.8825000000000001,92.3042221069336,65.1501235961914,2.7146592140197754,3.26768159866333,3.4815187454223633,10.69835090637207
475,8.40784740447998,0.44043949246406555,15.934816360473633,0.0002639894717400456,20.07945442199707,0.0,0.88125,81.79368591308594,57.725582122802734,2.290806770324707,2.911025047302246,3.0944700241088867,8.944292068481445
480,8.265900611877441,0.3134896159172058,15.90482234954834,0.000263265480001463,23.375713348388672,0.0,0.88,86.1668472290039,60.55419921875,2.258336305618286,2.816913366317749,3.204474925994873,8.867971420288086
485,8.215229988098145,0.28395113348960876,15.862558364868164,0.00026253542678520217,15.133411407470703,0.0,0.87875,72.83692932128906,49.813514709472656,2.313032388687134,2.9434704780578613,2.6929142475128174,8.628007888793945
490,8.340813636779785,0.36571329832077026,15.950200080871582,0.00026179935712438443,20.970579147338867,0.0,0.8775,79.13006591796875,54.20998001098633,2.1002767086029053,2.6689724922180176,2.937920331954956,8.3943510055542
495,8.428374290466309,0.43281474709510803,15.991118431091309,0.0002610573164232535,23.937274932861328,0.0,0.87625,73.14222717285156,51.35080337524414,2.0375325679779053,2.942553758621216,2.7661423683166504,8.425390243530273
500,8.405448913574219,0.5140483379364014,15.782800674438477,0.00026030935045437523,31.533178329467773,0.0,0.875,75.63526916503906,52.66486740112305,2.2452468872070312,2.769529342651367,2.884510040283203,8.057536125183105
505,8.331791877746582,0.3604649603366852,15.94265365600586,0.0002595555053558138,29.107389450073242,0.0,0.87375,85.17805480957031,60.305118560791016,2.300351619720459,3.1207661628723145,3.287550449371338,8.60664176940918
510,8.402664184570312,0.37541377544403076,16.054500579833984,0.00025879582762828587,47.20901107788086,0.0,0.8725,91.97862243652344,67.1476058959961,2.275634765625,2.871631383895874,3.580193281173706,9.489569664001465
515,8.293052673339844,0.3296760320663452,15.926753997802734,0.000258030364132292,9.034567832946777,0.0,0.87125,82.655029296875,58.216552734375,2.1133017539978027,2.740792751312256,3.131869316101074,8.277530670166016
520,8.31417179107666,0.40450188517570496,15.819339752197266,0.00025725916208522634,8.942952156066895,0.0,0.87,70.23211669921875,49.670379638671875,2.032682180404663,2.68650221824646,2.6252613067626953,8.591320037841797
525,8.21623706817627,0.2876737415790558,15.857126235961914,0.0002564822690584638,5.206301212310791,0.0,0.86875,81.13976287841797,56.1212158203125,2.1753737926483154,2.630493640899658,3.0094571113586426,7.844686508178711
530,8.35129165649414,0.40741875767707825,15.887744903564453,0.00025569973297442575,5.675335884094238,0.0,0.8674999999999999,81.3494873046875,57.0423583984375,2.1346004009246826,2.806879758834839,3.01574969291687,7.580531597137451
535,8.427879333496094,0.5034193396568298,15.848920822143555,0.00025491160210362393,10.559033393859863,0.0,0.86625,76.95539093017578,54.4658317565918,2.179046154022217,2.5640869140625,2.8327388763427734,8.567689895629883
540,8.309114456176758,0.3946797549724579,15.828869819641113,0.00025411792506168296,22.065349578857422,0.0,0.865,72.90048217773438,50.10608673095703,2.1646642684936523,2.9515304565429688,2.709085702896118,8.15921401977539
545,8.283934593200684,0.3824484646320343,15.802971839904785,0.00025331875080634124,12.703673362731934,0.0,0.86375,77.7817611694336,54.50114440917969,2.1590843200683594,2.8852591514587402,2.9372572898864746,9.115066528320312
550,8.192079544067383,0.33032286167144775,15.72351360321045,0.0002525141286344313,10.386456489562988,0.0,0.8625,78.39566040039062,54.43961715698242,2.0756587982177734,2.837777853012085,2.9189722537994385,7.635402679443359
555,8.420201301574707,0.4470614194869995,15.946279525756836,0.0002517041081788389,52.9661979675293,0.0,0.86125,81.04820251464844,55.83403778076172,2.2199134826660156,2.754552125930786,3.106670379638672,7.953540325164795
560,8.23613166809082,0.36947447061538696,15.733314514160156,0.0002508887394054411,37.43206024169922,0.0,0.86,70.20906066894531,48.79338836669922,1.9947563409805298,2.748170852661133,2.6680054664611816,8.335127830505371
565,8.34032154083252,0.40302422642707825,15.874593734741211,0.0002500680726100248,22.934202194213867,0.0,0.85875,87.39926147460938,60.517086029052734,2.245242118835449,2.7860593795776367,3.2544126510620117,9.02688980102539
570,8.342534065246582,0.41640788316726685,15.852252960205078,0.0002492421584151835,35.6904296875,0.0,0.8575,73.87644958496094,50.690040588378906,2.0324127674102783,2.6635475158691406,2.7867887020111084,8.470245361328125
575,8.38924503326416,0.4804527461528778,15.817584991455078,0.00024841104776719507,5.4707136154174805,0.0,0.85625,78.65641784667969,53.898406982421875,2.3483967781066895,3.052379608154297,2.9783878326416016,7.867247581481934
580,8.322260856628418,0.337146133184433,15.970229148864746,0.0002475747919328794,35.77722930908203,0.0,0.855,84.42039489746094,59.338321685791016,2.1755993366241455,2.854370594024658,3.0950655937194824,8.716277122497559
585,8.27552318572998,0.30259305238723755,15.945860862731934,0.0002467334424964352,4.639720916748047,0.0,0.85375,78.44477081298828,55.519020080566406,2.1159276962280273,2.85453724861145,2.9739925861358643,8.106447219848633
590,8.284158706665039,0.3532264232635498,15.86186408996582,0.0002458870513562589,42.933956146240234,0.0,0.8525,72.58686828613281,48.739646911621094,2.1855907440185547,2.889410972595215,2.628227710723877,7.895533561706543
595,8.2691068649292,0.38076603412628174,15.776681900024414,0.00024503567072174296,3.364896297454834,0.0,0.8512500000000001,79.6732177734375,53.57305145263672,2.2352166175842285,2.966844320297241,2.946525812149048,7.334229469299316
600,8.230490684509277,0.30367523431777954,15.853630065917969,0.00024417935311005527,27.152427673339844,0.0,0.85,71.41150665283203,47.46607208251953,2.0878653526306152,2.7432727813720703,2.611084222793579,8.588289260864258
605,8.349169731140137,0.44882357120513916,15.800691604614258,0.00024331815134289963,23.908103942871094,0.0,0.84875,76.47544860839844,54.65482711791992,2.040287971496582,2.807018518447876,2.9745101928710938,8.463752746582031
610,8.206953048706055,0.36763083934783936,15.678644180297852,0.00024245211854325775,7.851492404937744,0.0,0.8475,74.22872924804688,50.318851470947266,2.184929847717285,2.7188878059387207,2.743333339691162,8.525395393371582
615,8.360416412353516,0.5274861454963684,15.665861129760742,0.0002415813081321121,3.8169503211975098,0.0,0.84625,79.02894592285156,54.68235778808594,2.0533323287963867,2.636326789855957,2.939054489135742,8.013101577758789
620,8.230815887451172,0.3291454017162323,15.803340911865234,0.00024070577382515065,28.839599609375,0.0,0.845,74.02983093261719,49.543548583984375,2.2354061603546143,2.7375149726867676,2.7799532413482666,8.609619140625
625,8.160962104797363,0.2902684509754181,15.741386413574219,0.00023982556962945365,20.616260528564453,0.0,0.84375,65.96731567382812,46.9669189453125,2.00846004486084,2.4288785457611084,2.506546974182129,8.0122652053833
630,8.220963478088379,0.4193277955055237,15.603271484375,0.000238940749840162,3.075960397720337,0.0,0.8425,70.20892333984375,48.669105529785156,2.1495790481567383,2.880553722381592,2.6165616512298584,8.200559616088867
635,8.192387580871582,0.3562513589859009,15.672271728515625,0.0002380513690371282,25.32061004638672,0.0,0.84125,73.25535583496094,49.82196044921875,2.1759955883026123,2.7751758098602295,2.684734344482422,7.425811767578125
640,8.299542427062988,0.41661337018013,15.76585865020752,0.0002371574820815495,22.270484924316406,0.0,0.84,74.25401306152344,52.30664825439453,2.193492889404297,2.7502269744873047,2.813478469848633,8.761510848999023
645,8.158011436462402,0.3174442648887634,15.681135177612305,0.00023625914411258393,6.280055522918701,0.0,0.83875,76.1938247680664,52.5684814453125,2.210860252380371,2.919642925262451,2.879345417022705,8.222269058227539
650,8.239133834838867,0.3851366639137268,15.70799446105957,0.00023535641054394898,37.34345245361328,0.0,0.8375,78.26292419433594,54.309967041015625,2.3102099895477295,2.8265175819396973,2.933838367462158,8.252785682678223
655,8.154633522033691,0.3076918125152588,15.693883895874023,0.00023444933706050336,6.646081924438477,0.0,0.8362499999999999,72.35548400878906,49.14595031738281,2.0197396278381348,2.736340284347534,2.7101025581359863,8.04604721069336
660,8.107111930847168,0.32064488530158997,15.572933197021484,0.00023353797961481223,37.57686233520508,0.0,0.835,71.60679626464844,50.775978088378906,2.1317811012268066,2.901186466217041,2.7670907974243164,8.587386131286621
665,8.229324340820312,0.4101657569408417,15.638317108154297,0.0002326223944236958,56.3014030456543,0.0,0.83375,66.93850708007812,47.53673553466797,1.9091988801956177,2.643552303314209,2.5329270362854004,7.739043235778809
670,8.316490173339844,0.414531409740448,15.803916931152344,0.0002317026379647614,80.95081329345703,0.0,0.8325,79.00928497314453,55.220760345458984,2.0595767498016357,2.6659586429595947,2.9534735679626465,8.517183303833008
675,8.355912208557129,0.4520922005176544,15.807639122009277,0.00023077876697291983,48.87274169921875,0.0,0.83125,78.97418975830078,54.82783508300781,2.312628746032715,2.831918239593506,2.924083709716797,8.56041145324707
680,8.182557106018066,0.3678992986679077,15.629316329956055,0.00022985083843688573,20.889192581176758,0.0,0.83,80.00538635253906,56.34619140625,2.346729040145874,2.8180060386657715,3.006946086883545,8.99936580657959
685,8.188664436340332,0.32364270091056824,15.730043411254883,0.0002289189095956621,48.98280334472656,0.0,0.82875,77.88278198242188,54.54704284667969,2.278677225112915,2.979368209838867,2.9490396976470947,8.578378677368164
690,8.151017189025879,0.38721516728401184,15.527603149414062,0.0002279830379350097,5.3568830490112305,0.0,0.8275,78.73182678222656,54.25603103637695,2.310947895050049,2.7828712463378906,2.943624258041382,9.498011589050293
695,8.337376594543457,0.44275251030921936,15.7892484664917,0.00022704328118390086,68.42575073242188,0.0,0.82625,78.11237335205078,52.71462631225586,2.1708247661590576,2.9882330894470215,2.8910090923309326,8.075257301330566
700,8.297066688537598,0.3626682758331299,15.868796348571777,0.0002260996973109586,75.30460357666016,0.0,0.825,94.42369079589844,67.1848373413086,2.3853983879089355,2.722083330154419,3.6303086280822754,8.906414031982422
705,8.275050163269043,0.4085748493671417,15.732950210571289,0.00022515234452088096,63.05814743041992,0.0,0.82375,73.08856201171875,51.58074188232422,2.247685670852661,2.7135863304138184,2.7642993927001953,7.749900817871094
710,8.295454978942871,0.39352965354919434,15.803851127624512,0.00022420128125085045,25.42810821533203,0.0,0.8225,71.31906127929688,49.73414993286133,2.148137092590332,2.561729907989502,2.6567087173461914,8.255443572998047
715,8.148736000061035,0.35200655460357666,15.59345817565918,0.00022324656616692944,29.9378604888916,0.0,0.82125,72.13623046875,50.327415466308594,2.2565157413482666,2.689460277557373,2.71858549118042,8.719047546386719
720,8.172805786132812,0.3593761622905731,15.626859664916992,0.0002222882581604414,9.576409339904785,0.0,0.8200000000000001,69.54415893554688,47.73688507080078,1.9744369983673096,2.6239774227142334,2.603559970855713,7.688953399658203
725,8.37105655670166,0.4889509379863739,15.76421070098877,0.00022132641634433828,29.451004028320312,0.0,0.81875,80.1739501953125,56.97514343261719,2.0902695655822754,2.755743980407715,2.9778952598571777,10.066272735595703
730,8.22909164428711,0.3771282732486725,15.703926086425781,0.0002203611000495539,23.083782196044922,0.0,0.8175,82.26112365722656,58.14808654785156,2.1096909046173096,2.9343395233154297,3.0695199966430664,9.855280876159668
735,8.199986457824707,0.3646908104419708,15.6705904006958,0.00021939236882134443,3.549237012863159,0.0,0.81625,72.22679901123047,49.06781768798828,2.043776273727417,2.8454599380493164,2.621722936630249,8.343334197998047
740,8.290956497192383,0.42418473958969116,15.73354434967041,0.0002184202824156151,8.23036003112793,0.0,0.815,75.47846221923828,51.101409912109375,2.1409993171691895,2.8206512928009033,2.8002562522888184,8.167850494384766
745,8.130977630615234,0.3193121552467346,15.623331069946289,0.0002174449007952344,7.086047172546387,0.0,0.81375,68.67117309570312,46.41304397583008,2.1700387001037598,2.5995116233825684,2.5529818534851074,7.777544021606445
750,8.269786834716797,0.36553332209587097,15.808507919311523,0.0002164662841263351,41.892574310302734,0.0,0.8125,76.04376983642578,53.320247650146484,1.9680057764053345,2.451369285583496,2.8662807941436768,7.868493556976318
755,8.228367805480957,0.3485868573188782,15.759562492370605,0.000215484492774603,4.923014163970947,0.0,0.81125,73.17239379882812,51.17332458496094,2.02479887008667,2.477722644805908,2.7248733043670654,9.450632095336914
760,8.109222412109375,0.35336533188819885,15.511714935302734,0.00021449958730155344,51.03224182128906,0.0,0.81,66.14854431152344,45.35836410522461,2.083331346511841,2.8235349655151367,2.492219924926758,7.787412643432617
765,8.291463851928711,0.42183494567871094,15.7392578125,0.00021351162846079523,54.81155014038086,0.0,0.80875,88.88981628417969,63.20509719848633,2.371438503265381,2.975659132003784,3.355036735534668,8.922496795654297
770,8.4291410446167,0.496131956577301,15.866018295288086,0.00021252067719428337,60.97798156738281,0.0,0.8075,80.14680480957031,54.668739318847656,2.275341510772705,3.035665273666382,3.031292676925659,7.8727192878723145
775,8.412397384643555,0.44212380051612854,15.940547943115234,0.00021152679462855978,122.62928009033203,0.0,0.80625,98.3256607055664,70.4575424194336,2.477747917175293,3.1074910163879395,3.7039127349853516,11.548225402832031
780,8.304664611816406,0.47781988978385925,15.653690338134766,0.00021053004207098272,43.726959228515625,0.0,0.8049999999999999,78.31912994384766,55.06689453125,2.2349953651428223,2.964747190475464,2.9549169540405273,8.378043174743652
785,8.311136245727539,0.3965606987476349,15.829150199890137,0.0002095304810059451,38.40349578857422,0.0,0.80375,76.02500915527344,55.44213104248047,2.1257424354553223,2.72232985496521,2.856574296951294,10.281454086303711
790,8.200489044189453,0.3257947862148285,15.749388694763184,0.00020852817309108176,17.995697021484375,0.0,0.8025,70.71533203125,50.92791748046875,2.0402324199676514,2.6630208492279053,2.6796374320983887,8.756287574768066
795,8.2256441116333,0.38631460070610046,15.678659439086914,0.0002075231801534661,16.78887939453125,0.0,0.80125,79.94558715820312,56.33727264404297,2.208073139190674,2.8721704483032227,2.9588942527770996,8.640130996704102
799,8.302376747131348,0.4365304708480835,15.73169231414795,0.00020671729424061788,0.0,20.804372787475586,0.80025,79.94558715820312,56.33727264404297,2.208073139190674,2.8721704483032227,2.9588942527770996,8.640130996704102
800,8.154589653015137,0.3595372140407562,15.590105056762695,0.00020651556418579658,39.459205627441406,0.0,0.8,75.77374267578125,50.946067810058594,1.9873120784759521,2.6330342292785645,2.7654006481170654,8.26486587524414
805,8.182589530944824,0.2872680127620697,15.790643692016602,0.00020550538734257227,12.046059608459473,0.0,0.79875,65.96173095703125,47.176448822021484,1.8927595615386963,2.5661561489105225,2.4669413566589355,8.047773361206055
810,8.212210655212402,0.3968268036842346,15.630766868591309,0.00020449271193625926,52.27930450439453,0.0,0.7975,74.00738525390625,51.5280876159668,2.064220428466797,2.800823211669922,2.7409181594848633,7.504444122314453
815,8.143596649169922,0.32437777519226074,15.638437271118164,0.00020347760043344673,32.5002555847168,0.0,0.79625,71.85649108886719,50.89069747924805,2.010894536972046,2.684412717819214,2.7752938270568848,7.889815330505371
820,8.207921028137207,0.3466479778289795,15.722545623779297,0.00020246011545099383,29.575176239013672,0.0,0.795,76.05171966552734,53.55742263793945,1.9987678527832031,2.812471628189087,2.8530497550964355,9.24071216583252
825,8.099846839904785,0.341235488653183,15.517223358154297,0.00020144031975216693,38.10909652709961,0.0,0.79375,72.10221862792969,49.47968292236328,2.0646986961364746,2.5043323040008545,2.655099630355835,7.611729145050049
830,8.185403823852539,0.3494327962398529,15.671941757202148,0.0002004182762427686,35.70820236206055,0.0,0.7925,81.5254135131836,57.96958541870117,2.164609909057617,2.695827007293701,3.161315679550171,8.496391296386719
835,8.159578323364258,0.3370459973812103,15.645065307617188,0.00019939404796725656,14.059318542480469,0.0,0.79125,68.89582824707031,49.434303283691406,2.0096547603607178,3.003427028656006,2.587724208831787,7.705344200134277
840,8.113685607910156,0.3276706337928772,15.572029113769531,0.0001983676981048555,14.958808898925781,0.0,0.79,67.5972900390625,47.127044677734375,1.986061692237854,2.669951915740967,2.5129222869873047,8.112649917602539
845,8.14328384399414,0.38748374581336975,15.511600494384766,0.00019733928996565944,12.798624992370605,0.0,0.7887500000000001,76.7032699584961,53.477149963378906,1.9957386255264282,2.686440944671631,2.9127554893493652,8.033499717712402
850,8.207304954528809,0.39920341968536377,15.616202354431152,0.0001963088869867266,17.619234085083008,0.0,0.7875,80.64607238769531,56.30522155761719,2.1511497497558594,2.6282029151916504,2.992471218109131,8.723834991455078
855,8.269644737243652,0.41167864203453064,15.71593189239502,0.00019527655272816644,6.235533714294434,0.0,0.78625,77.69210815429688,54.4056396484375,2.1957924365997314,2.9930105209350586,2.911907196044922,8.222492218017578
860,8.097784042358398,0.2779149115085602,15.639739036560059,0.0001942423508692187,23.44559097290039,0.0,0.785,63.015838623046875,44.478782653808594,1.8235143423080444,2.5636067390441895,2.3781516551971436,8.94992733001709
865,8.1734037399292,0.3585895299911499,15.629629135131836,0.00019320634520432554,10.848824501037598,0.0,0.78375,69.3413314819336,46.63004684448242,2.0082459449768066,2.757099151611328,2.624523639678955,7.816351890563965
870,8.06339168548584,0.36422625184059143,15.398330688476562,0.00019216859963919647,20.851581573486328,0.0,0.7825,73.28169250488281,53.87999725341797,2.019365072250366,2.510225534439087,2.847346782684326,8.211702346801758
875,8.199348449707031,0.40109238028526306,15.596511840820312,0.0001911291781868661,16.291522979736328,0.0,0.78125,79.13789367675781,54.6004524230957,2.2227582931518555,2.8152148723602295,3.0100364685058594,8.272806167602539
880,8.086788177490234,0.3206152021884918,15.53234577178955,0.00019008814496374575,22.082109451293945,0.0,0.78,64.93278503417969,44.72550964355469,1.8949443101882935,2.404719352722168,2.429917335510254,9.258435249328613
885,8.166647911071777,0.4052083194255829,15.522878646850586,0.00018904556418566833,73.86833953857422,0.0,0.77875,64.6190414428711,45.59060287475586,1.9874961376190186,2.7170915603637695,2.460010528564453,7.654892444610596
890,8.187263488769531,0.36813414096832275,15.63825798034668,0.00018800150016392723,45.7729606628418,0.0,0.7775,69.44248962402344,48.655120849609375,1.9533687829971313,2.748867988586426,2.6297903060913086,8.404550552368164
895,8.168181419372559,0.42721593379974365,15.48193073272705,0.00018695601730130926,47.4086799621582,0.0,0.77625,63.90864944458008,45.45750045776367,2.0162343978881836,2.484553813934326,2.425941228866577,8.360562324523926
900,8.128146171569824,0.3318537175655365,15.592584609985352,0.0001859091800881221,9.254606246948242,0.0,0.775,77.84774780273438,54.858970642089844,2.123849630355835,2.436277389526367,2.923313617706299,7.644290924072266
905,8.10251522064209,0.3022521138191223,15.600526809692383,0.00018486105309821601,30.99231719970703,0.0,0.7737499999999999,60.68199920654297,43.113380432128906,1.7151079177856445,2.6723663806915283,2.2705821990966797,7.660469055175781
910,8.188321113586426,0.30550453066825867,15.765633583068848,0.00018381170098500095,4.045720100402832,0.0,0.7725,73.2680892944336,51.025848388671875,2.0218682289123535,2.468708038330078,2.746767520904541,8.193288803100586
915,8.187318801879883,0.355295866727829,15.664045333862305,0.00018276118847745812,38.27481460571289,0.0,0.77125,73.92007446289062,52.3526496887207,1.9779560565948486,2.4311118125915527,2.817394256591797,7.729924201965332
920,8.240572929382324,0.388398677110672,15.704347610473633,0.00018170958037614732,40.17934799194336,0.0,0.77,67.4391098022461,49.32563018798828,2.037428379058838,2.579590320587158,2.51400089263916,8.371788024902344
925,8.1832857131958,0.41980797052383423,15.526954650878906,0.0001806569415492098,36.70960998535156,0.0,0.76875,70.48668670654297,50.52928161621094,2.036625385284424,2.611956834793091,2.6667351722717285,7.6552734375
930,8.240838050842285,0.4266274869441986,15.628421783447266,0.00017960333692836668,31.719585418701172,0.0,0.7675,88.33075714111328,60.692230224609375,2.3086254596710205,2.800645589828491,3.3141510486602783,7.693240165710449
935,8.175451278686523,0.41181695461273193,15.52726936340332,0.00017854883150491397,18.332374572753906,0.0,0.76625,78.37040710449219,55.884925842285156,1.9484963417053223,2.6224396228790283,2.9698262214660645,9.278036117553711
940,8.038244247436523,0.29348790645599365,15.48951244354248,0.00017749349032571338,19.916501998901367,0.0,0.765,67.65919494628906,48.326663970947266,1.8771729469299316,2.5455398559570312,2.579646110534668,8.444817543029785
945,8.245002746582031,0.4117357134819031,15.666534423828125,0.00017643737848917988,23.289325714111328,0.0,0.76375,73.95862579345703,53.46249008178711,1.8710148334503174,2.4615073204040527,2.7928366661071777,7.910079479217529
950,8.301431655883789,0.4406944513320923,15.721473693847656,0.00017538056114126634,35.79537582397461,0.0,0.7625,71.9880142211914,50.661598205566406,2.141796827316284,2.9642066955566406,2.6645209789276123,8.238295555114746
955,8.215322494506836,0.359316885471344,15.712011337280273,0.00017432310347144478,6.82868766784668,0.0,0.76125,77.250732421875,53.69657516479492,2.181338310241699,2.784879207611084,2.908539056777954,7.871188163757324
960,8.161419868469238,0.3835863769054413,15.55566692352295,0.00017326507070868533,6.626233100891113,0.0,0.76,68.70724487304688,46.460506439208984,1.8402490615844727,2.386691093444824,2.559190034866333,8.041712760925293
965,8.26018238067627,0.4138278067111969,15.692709922790527,0.00017220652811743262,11.916053771972656,0.0,0.75875,75.47439575195312,52.036102294921875,2.0680761337280273,2.7294914722442627,2.8140411376953125,8.623184204101562
970,7.97597599029541,0.27116790413856506,15.409616470336914,0.00017114754099357987,11.197205543518066,0.0,0.7575000000000001,61.8736572265625,43.048622131347656,1.854738473892212,2.636338472366333,2.2948598861694336,7.895456314086914
975,8.209893226623535,0.37153491377830505,15.676715850830078,0.00017008817466044113,11.37496566772461,0.0,0.75625,77.34111022949219,52.06312561035156,2.0709025859832764,2.949302911758423,2.8886871337890625,8.490571975708008
980,8.147162437438965,0.3337056636810303,15.626913070678711,0.00016902849446472193,8.997044563293457,0.0,0.755,65.31676483154297,46.55419921875,1.9814248085021973,2.668182373046875,2.484483242034912,7.197068214416504
985,8.24166488647461,0.42525261640548706,15.632823944091797,0.00016796856577248816,14.700160026550293,0.0,0.75375,73.52787780761719,50.548274993896484,2.0410566329956055,2.5527968406677246,2.721999406814575,6.995538711547852
990,8.280162811279297,0.41359013319015503,15.733144760131836,0.00016690845396513443,16.251487731933594,0.0,0.7525,69.2902603149414,49.210567474365234,2.014023780822754,2.6111624240875244,2.6515588760375977,8.127157211303711
995,8.010201454162598,0.258284330368042,15.503833770751953,0.00016584822443535045,7.046267986297607,0.0,0.75125,64.67686462402344,45.56402587890625,1.8085743188858032,2.536497116088867,2.3971853256225586,7.640105247497559
1000,8.242613792419434,0.3633914589881897,15.758443832397461,0.0001647879425830878,30.879663467407227,0.0,0.75,79.45917510986328,53.36859130859375,2.073723793029785,2.722890853881836,2.937312602996826,8.76614761352539
1005,8.16738224029541,0.4075893759727478,15.519585609436035,0.00016372767381152552,19.48176383972168,0.0,0.74875,67.95085144042969,49.75140380859375,2.0763208866119385,2.5828466415405273,2.5766139030456543,7.816296577453613
1010,8.152297019958496,0.31522098183631897,15.674151420593262,0.00016266748352303578,22.478281021118164,0.0,0.7475,73.98222351074219,52.77294921875,1.9727102518081665,2.63238263130188,2.7213737964630127,7.886120796203613
1015,8.300296783447266,0.4738852083683014,15.652822494506836,0.00016160743711514941,32.470306396484375,0.0,0.7462500000000001,76.4389877319336,54.5147590637207,2.157151460647583,2.855109214782715,2.9073667526245117,7.446720123291016
1020,8.090278625488281,0.3039003312587738,15.572755813598633,0.00016054759997652222,15.683576583862305,0.0,0.745,67.14630126953125,45.75067901611328,1.857372522354126,2.392045259475708,2.4367475509643555,7.83967924118042
1025,8.105051040649414,0.3497600257396698,15.510581970214844,0.00015948803748290112,13.78322982788086,0.0,0.74375,68.57350158691406,48.011756896972656,1.8480552434921265,2.5189006328582764,2.623453378677368,8.106542587280273
1030,8.313386917114258,0.44777819514274597,15.731218338012695,0.00015842881499309174,28.90595054626465,0.0,0.7424999999999999,67.28524780273438,45.77763366699219,1.9770489931106567,2.6332945823669434,2.5444633960723877,8.106435775756836
1035,8.156194686889648,0.37993916869163513,15.552510261535645,0.00015736999784492667,40.6109504699707,0.0,0.74125,68.11470794677734,50.99998474121094,1.9136567115783691,2.646115303039551,2.615487575531006,8.128093719482422
1040,8.196805953979492,0.3320534825325012,15.72950553894043,0.00015631165135123503,6.771704196929932,0.0,0.74,70.5553970336914,48.171695709228516,1.9355568885803223,2.5961034297943115,2.6444177627563477,7.853306770324707
1045,8.099903106689453,0.3943893611431122,15.411027908325195,0.0001552538407958138,32.51673126220703,0.0,0.73875,59.663909912109375,42.528282165527344,1.8498961925506592,2.58724045753479,2.3000593185424805,7.849527835845947
1050,8.108214378356934,0.3358422517776489,15.544744491577148,0.00015419663142940082,28.668088912963867,0.0,0.7375,66.14190673828125,48.78707504272461,2.0042734146118164,2.6150143146514893,2.5489091873168945,7.620255947113037
1055,8.243842124938965,0.4151100516319275,15.657464981079102,0.00015314008846564964,15.239240646362305,0.0,0.7362500000000001,74.89873504638672,52.18988800048828,2.191368579864502,2.8216543197631836,2.8621909618377686,7.880118370056152
1060,8.310437202453613,0.41770926117897034,15.785455703735352,0.0001520842770771071,12.657967567443848,0.0,0.735,72.44234466552734,49.73297119140625,1.8757692575454712,2.697845935821533,2.6547818183898926,8.639583587646484
1065,8.170449256896973,0.35514622926712036,15.630605697631836,0.00015102926239119295,36.12987518310547,0.0,0.73375,67.51585388183594,47.44363784790039,1.9703065156936646,2.675790309906006,2.5213937759399414,8.057482719421387
1070,8.05759334564209,0.2797389626502991,15.555707931518555,0.00014997510948618254,13.353353500366211,0.0,0.7324999999999999,62.37307357788086,43.25507354736328,1.7964410781860352,2.4862051010131836,2.334639072418213,7.5861101150512695
1075,8.120061874389648,0.35944196581840515,15.521240234375,0.0001489218833871926,19.348262786865234,0.0,0.73125,77.16619110107422,54.40840148925781,1.9694064855575562,2.5665035247802734,2.932267189025879,8.332611083984375
1080,8.186673164367676,0.3892156779766083,15.594914436340332,0.00014786964906216997,13.096139907836914,0.0,0.73,72.63314056396484,50.381465911865234,2.0700879096984863,2.589970111846924,2.706026077270508,7.722194671630859
1085,8.216257095336914,0.3650745153427124,15.70236587524414,0.0001468184714178844,32.633243560791016,0.0,0.72875,63.259735107421875,45.961883544921875,1.885399341583252,2.621239423751831,2.4941678047180176,7.299341201782227
1090,8.181551933288574,0.36019566655158997,15.642711639404297,0.0001457684152959244,40.1429443359375,0.0,0.7275,77.15803527832031,54.09818649291992,2.0419087409973145,2.503509759902954,2.89444899559021,8.366703987121582
1095,8.241397857666016,0.3916318416595459,15.699532508850098,0.00014471954546869777,61.448951721191406,0.0,0.7262500000000001,75.73542785644531,51.80638885498047,2.198944330215454,2.941884994506836,2.857236385345459,7.339372634887695
1100,8.075539588928223,0.3305590748786926,15.489961624145508,0.00014367192663543616,42.18110656738281,0.0,0.725,60.99795150756836,44.420654296875,1.9536561965942383,2.443840980529785,2.26214599609375,8.827657699584961
1105,8.16607666015625,0.3445342481136322,15.643085479736328,0.00014262562341820384,50.58222198486328,0.0,0.72375,56.40338134765625,39.70172882080078,1.7596194744110107,2.5159966945648193,2.1005191802978516,8.152505874633789
1110,8.031282424926758,0.2534816265106201,15.555601119995117,0.0001415807003579118,9.387727737426758,0.0,0.7224999999999999,61.41017150878906,44.657257080078125,1.9161521196365356,2.491481065750122,2.3296029567718506,7.717490196228027
1115,8.096619606018066,0.3248043358325958,15.543630599975586,0.00014053722191033645,25.636890411376953,0.0,0.72125,68.64720153808594,48.66154861450195,1.949859619140625,2.7794060707092285,2.5734989643096924,8.08863639831543
1120,8.07896900177002,0.30917349457740784,15.539590835571289,0.0001394952524421436,5.403770446777344,0.0,0.72,73.11416625976562,51.92819595336914,1.943404197692871,2.474334716796875,2.7530975341796875,8.512248992919922
1125,8.017990112304688,0.2961946129798889,15.44359016418457,0.00013845485622691826,18.595043182373047,0.0,0.71875,73.38946533203125,50.360862731933594,1.8599069118499756,2.4350123405456543,2.7567574977874756,7.579671859741211
1130,8.122672080993652,0.3345945477485657,15.576154708862305,0.00013741609744119968,31.956424713134766,0.0,0.7175,69.07689666748047,48.03717803955078,2.0690970420837402,2.736611843109131,2.5465095043182373,7.632336139678955
1135,8.127303123474121,0.38735315203666687,15.479900360107422,0.00013637904016052262,52.269466400146484,0.0,0.71625,70.6086654663086,51.13249206542969,2.0348360538482666,2.524522304534912,2.6777896881103516,7.855706214904785
1140,8.176238059997559,0.4372153878211975,15.478045463562012,0.00013534374835546525,11.439697265625,0.0,0.7150000000000001,67.25814056396484,48.60184860229492,1.9633325338363647,2.564486026763916,2.564103364944458,7.227323055267334
1145,8.116471290588379,0.3598676025867462,15.51320743560791,0.00013431028588770273,12.092880249023438,0.0,0.71375,71.02014923095703,50.299949645996094,1.9341833591461182,2.469552755355835,2.692455530166626,8.779572486877441
1150,8.221542358398438,0.40602779388427734,15.631028175354004,0.0001332787165060681,14.911553382873535,0.0,0.7125,69.47599029541016,49.01731872558594,1.8490478992462158,2.4685146808624268,2.657562732696533,7.602048873901367
1155,8.101043701171875,0.3617614805698395,15.478564262390137,0.00013224910384261997,31.789724349975586,0.0,0.7112499999999999,69.08576202392578,49.57926940917969,2.030812978744507,2.6831297874450684,2.624678611755371,7.7282562255859375
1160,8.190248489379883,0.3437482416629791,15.692999839782715,0.00013122151140871737,50.302677154541016,0.0,0.71,81.19125366210938,58.23963928222656,2.1618165969848633,2.497434139251709,3.1049704551696777,8.586950302124023
1165,8.13953971862793,0.39472657442092896,15.489625930786133,0.0001301960025911019,43.851646423339844,0.0,0.70875,66.32405090332031,47.55644226074219,2.1081697940826416,2.825958013534546,2.567779064178467,7.383136749267578
1170,8.21884822845459,0.3498085141181946,15.738079071044922,0.00012917264064798813,13.649949073791504,0.0,0.7075,66.90592956542969,47.26757049560547,2.040193557739258,2.653769016265869,2.5056583881378174,8.66213607788086
1175,8.15168571472168,0.3178037106990814,15.667763710021973,0.00012815148870516107,11.669352531433105,0.0,0.70625,69.29542541503906,48.63161849975586,2.0483639240264893,2.4992167949676514,2.6238808631896973,6.566921710968018
1180,8.155230522155762,0.3089861273765564,15.692489624023438,0.0001271326097520827,55.807098388671875,0.0,0.7050000000000001,74.24229431152344,52.41830825805664,2.017730236053467,2.828190565109253,2.775477886199951,7.874660015106201
1185,8.055658340454102,0.2646896243095398,15.581937789916992,0.00012611606663800616,9.886754035949707,0.0,0.70375,69.26737976074219,50.48029327392578,1.9075961112976074,2.576148509979248,2.6194815635681152,7.599199295043945
1190,8.120122909545898,0.31791311502456665,15.604418754577637,0.00012510192206809906,4.505854606628418,0.0,0.7025,72.83760070800781,49.1961669921875,1.9384143352508545,2.7839770317077637,2.7493438720703125,7.599755764007568
1195,8.176825523376465,0.3696366250514984,15.614377975463867,0.00012409023859957552,44.094058990478516,0.0,0.7012499999999999,81.59490966796875,58.40970230102539,2.0916740894317627,2.515498638153076,3.0619688034057617,8.235818862915039
1199,8.142245292663574,0.3550330102443695,15.574424743652344,0.0001232827057593821,0.0,20.239253997802734,0.70025,81.59490966796875,58.40970230102539,2.0916740894317627,2.515498638153076,3.0619688034057617,8.235818862915039
1200,8.06749153137207,0.25922513008117676,15.616533279418945,0.00012308107863783735,9.222697257995605,0.0,0.7,71.4906234741211,50.16456604003906,1.9603090286254883,2.743628978729248,2.6770644187927246,7.506962776184082
1205,8.217486381530762,0.4101318120956421,15.614709854125977,0.0001220745044326245,41.328487396240234,0.0,0.69875,79.0155029296875,55.62723922729492,1.9297516345977783,2.6143035888671875,2.980886697769165,8.123027801513672
1210,8.045994758605957,0.3256884515285492,15.44061279296875,0.00012107057807417542,39.88581848144531,0.0,0.6975,61.22319793701172,42.79991912841797,1.8999371528625488,2.5182065963745117,2.2745425701141357,7.518615245819092
1215,8.126870155334473,0.3578464388847351,15.538046836853027,0.0001200693614893968,51.10190200805664,0.0,0.69625,70.28145599365234,49.58107376098633,1.8249809741973877,2.6309666633605957,2.70157527923584,8.756866455078125
1220,8.086671829223633,0.3098992109298706,15.553544998168945,0.00011907091643804371,39.36385726928711,0.0,0.6950000000000001,68.54258728027344,46.99384689331055,2.0496697425842285,2.858807325363159,2.5759763717651367,7.53878116607666
1225,8.145228385925293,0.3205468952655792,15.649362564086914,0.00011807530450891,34.58513259887695,0.0,0.69375,71.45802307128906,49.69630432128906,1.8488308191299438,2.460355043411255,2.635458469390869,7.647242546081543
1230,8.086730003356934,0.3401529788970947,15.493154525756836,0.00011708258711602922,26.85402488708496,0.0,0.6925,65.9227294921875,47.49212646484375,1.7831897735595703,2.4586424827575684,2.5076842308044434,7.9475507736206055
1235,8.116999626159668,0.3243131935596466,15.585372924804688,0.00011609282549488633,34.25069808959961,0.0,0.6912499999999999,65.3350601196289,45.84613037109375,1.6947968006134033,2.4629054069519043,2.4318692684173584,8.008401870727539
1240,8.018280029296875,0.29433196783065796,15.447896957397461,0.00011510608069864025,15.545507431030273,0.0,0.69,64.66189575195312,46.83940124511719,1.8190032243728638,2.4847283363342285,2.491942882537842,8.187591552734375
1245,8.016838073730469,0.27122947573661804,15.491217613220215,0.00011412241359435801,12.044678688049316,0.0,0.68875,64.8193359375,46.36663055419922,1.7063024044036865,2.501903533935547,2.477989673614502,7.7788238525390625
1250,8.063689231872559,0.2892293334007263,15.548919677734375,0.00011314188485926014,4.3788228034973145,0.0,0.6875,68.318603515625,45.664329528808594,1.9793094396591187,2.8532137870788574,2.576467514038086,7.0657958984375
1255,8.188660621643066,0.34983736276626587,15.677645683288574,0.00011216455497697768,28.55640411376953,0.0,0.68625,73.31500244140625,50.90005874633789,1.9070175886154175,2.783903121948242,2.727419376373291,8.11719036102295
1260,8.122014999389648,0.30225831270217896,15.63951301574707,0.00011119048423382137,13.478970527648926,0.0,0.685,66.00070190429688,46.92054748535156,1.607161045074463,2.516709804534912,2.5084807872772217,7.5994110107421875
1265,8.149738311767578,0.33195552229881287,15.635564804077148,0.000110219732715063,18.714941024780273,0.0,0.6837500000000001,67.634765625,49.12411117553711,1.8887372016906738,2.5477066040039062,2.607724189758301,7.70657205581665
1270,8.162314414978027,0.33368393778800964,15.657261848449707,0.00010925236030122881,48.569976806640625,0.0,0.6825,75.30867004394531,52.02367401123047,1.9995156526565552,2.8037867546081543,2.898608684539795,7.960320472717285
1275,8.145612716674805,0.38573625683784485,15.519752502441406,0.00010828842666440613,73.54330444335938,0.0,0.68125,64.2597885131836,44.61272430419922,2.0588178634643555,2.4661293029785156,2.39900541305542,7.732268333435059
1280,8.262534141540527,0.35039231181144714,15.824283599853516,0.00010732799126456214,28.405149459838867,0.0,0.6799999999999999,87.79452514648438,61.94970703125,2.1139132976531982,2.6031551361083984,3.3404979705810547,8.669754028320312
1285,8.12684154510498,0.349594384431839,15.554494857788086,0.00010637111334587636,18.134803771972656,0.0,0.67875,69.47224426269531,48.87484359741211,1.7964047193527222,2.5358145236968994,2.5956497192382812,8.441675186157227
1290,8.18751335144043,0.30318576097488403,15.768655776977539,0.00010541785193308613,26.851778030395508,0.0,0.6775,71.83568572998047,50.864540100097656,1.8071603775024414,2.3995091915130615,2.7278685569763184,8.423423767089844
1295,8.124504089355469,0.31698936223983765,15.615029335021973,0.00010446826582784566,25.161376953125,0.0,0.67625,60.97382354736328,42.703189849853516,1.886535882949829,2.573622226715088,2.34574294090271,8.157401084899902
1300,8.22724723815918,0.3864845037460327,15.681525230407715,0.00010352241360509882,15.726076126098633,0.0,0.675,71.18035888671875,49.4151611328125,1.9108649492263794,2.5852060317993164,2.6550848484039307,7.655158042907715
1305,8.14680004119873,0.3166724145412445,15.660255432128906,0.00010258035360946606,8.05091667175293,0.0,0.6737500000000001,76.17765808105469,52.660743713378906,2.269808530807495,2.5901238918304443,2.8630034923553467,7.528398513793945
1310,8.288778305053711,0.432944655418396,15.71166706085205,0.00010164214395164553,25.07284927368164,0.0,0.6725,65.70079803466797,44.66082000732422,1.9552512168884277,2.608457326889038,2.4233198165893555,8.134971618652344
1315,8.056164741516113,0.2975238263607025,15.517282485961914,0.00010070784250482819,16.383037567138672,0.0,0.67125,68.84197998046875,48.650184631347656,1.8686068058013916,2.454397678375244,2.5943660736083984,7.495306968688965
1320,8.145565032958984,0.4330349862575531,15.425060272216797,9.977750690112827e-05,12.655904769897461,0.0,0.6699999999999999,70.50466918945312,48.88433837890625,1.7173163890838623,2.414393424987793,2.5952415466308594,8.442342758178711
1325,8.051039695739746,0.2962881624698639,15.509503364562988,9.885119452802809e-05,24.966581344604492,0.0,0.66875,65.85716247558594,45.46951675415039,2.002026081085205,2.6311609745025635,2.4875121116638184,7.302001953125
1330,8.1884126663208,0.4052414298057556,15.566343307495117,9.792896252483807e-05,29.893098831176758,0.0,0.6675,66.15960693359375,46.93402099609375,1.8474345207214355,2.6049795150756836,2.4431474208831787,7.976281642913818
1335,7.983366966247559,0.2712295353412628,15.424274444580078,9.701086777917227e-05,25.48373031616211,0.0,0.66625,72.54957580566406,52.26091003417969,1.8991143703460693,2.384441614151001,2.752507209777832,7.980332374572754
1340,8.003774642944336,0.30999985337257385,15.387550354003906,9.609696692343932e-05,5.947612762451172,0.0,0.665,65.88363647460938,47.71360397338867,1.947346806526184,2.551102638244629,2.4797675609588623,7.634024620056152
1345,8.1126708984375,0.3465160131454468,15.532310485839844,9.518731633134878e-05,29.18299102783203,0.0,0.6637500000000001,77.375732421875,54.13166046142578,2.17006778717041,2.6875879764556885,2.895679473876953,8.274093627929688
1350,8.099352836608887,0.3425210118293762,15.513663291931152,9.428197211443404e-05,30.40019416809082,0.0,0.6625,60.89543533325195,42.98868942260742,1.8826217651367188,2.528048276901245,2.3817474842071533,7.491515159606934
1355,8.060626029968262,0.3098292052745819,15.501594543457031,9.338099011859092e-05,20.946298599243164,0.0,0.66125,69.20346069335938,48.333824157714844,1.935697078704834,2.5048933029174805,2.581186294555664,7.510870933532715
1360,8.165458679199219,0.3108794689178467,15.709157943725586,9.24844259206329e-05,9.417943000793457,0.0,0.6599999999999999,71.45053100585938,48.6945915222168,2.215252637863159,2.9562997817993164,2.7674388885498047,7.734075546264648
1365,8.142545700073242,0.3218235969543457,15.64144515991211,9.159233482486298e-05,8.405044555664062,0.0,0.65875,73.20113372802734,51.02147674560547,1.996269702911377,2.447655200958252,2.7307233810424805,7.9832563400268555
1370,8.161273956298828,0.356874942779541,15.60879898071289,9.070477185966206e-05,4.471734046936035,0.0,0.6575,73.42524719238281,52.55759811401367,1.9953582286834717,2.707831859588623,2.906959056854248,8.310654640197754
1375,8.108500480651855,0.3610771894454956,15.49484634399414,8.98217917740946e-05,4.891507148742676,0.0,0.65625,67.83729553222656,48.47414016723633,1.9410815238952637,2.824436664581299,2.5882911682128906,7.407649993896484
1380,8.096455574035645,0.3919556736946106,15.409000396728516,8.89434490345315e-05,27.3724308013916,0.0,0.655,68.70059967041016,49.37956619262695,2.017043352127075,2.641179323196411,2.6014280319213867,7.806532859802246
1385,8.141244888305664,0.3339667320251465,15.614555358886719,8.806979782129034e-05,57.41318130493164,0.0,0.65375,77.84945678710938,54.147666931152344,2.1114845275878906,2.5276098251342773,2.896089553833008,7.923884391784668
1390,8.096186637878418,0.34025245904922485,15.51186752319336,8.720089202529306e-05,24.59149932861328,0.0,0.6525000000000001,66.34889221191406,46.60020446777344,1.8086295127868652,2.6088390350341797,2.5045809745788574,7.773919582366943
1395,8.10529613494873,0.3141547441482544,15.582282066345215,8.633678524474224e-05,4.747119903564453,0.0,0.65125,69.86104583740234,49.637428283691406,1.9483921527862549,2.8212010860443115,2.7005252838134766,8.699188232421875
1400,8.160801887512207,0.3429339528083801,15.635736465454102,8.547753078181434e-05,23.97365951538086,0.0,0.65,69.73504638671875,48.94825744628906,1.8321590423583984,2.6838736534118652,2.6393399238586426,7.477557182312012
1405,8.124344825744629,0.3430917263031006,15.562506675720215,8.46231816393721e-05,13.613743782043457,0.0,0.6487499999999999,72.67900085449219,49.594703674316406,1.9447542428970337,2.7159271240234375,2.700617551803589,7.854582786560059
1410,7.989023685455322,0.3127482235431671,15.352550506591797,8.377379051769495e-05,56.893516540527344,0.0,0.6475,67.56632995605469,48.9245491027832,2.0078794956207275,2.569049835205078,2.5928449630737305,7.154021263122559
1415,8.10473346710205,0.33473989367485046,15.539987564086914,8.292940981122825e-05,6.549570083618164,0.0,0.64625,67.42304992675781,47.48816680908203,1.8917397260665894,2.3966116905212402,2.5515353679656982,8.32142448425293
1420,8.112817764282227,0.34179335832595825,15.542049407958984,8.209009160535143e-05,9.925987243652344,0.0,0.645,67.66809844970703,47.159584045410156,2.003831148147583,2.552701950073242,2.56559419631958,8.1424560546875
1425,8.165960311889648,0.36027124524116516,15.611377716064453,8.125588767316493e-05,19.84792709350586,0.0,0.64375,58.345558166503906,41.78382873535156,1.7472848892211914,2.3778932094573975,2.151249647140503,8.086563110351562
1430,8.037610054016113,0.2783398926258087,15.518540382385254,8.042684947229674e-05,18.845535278320312,0.0,0.6425000000000001,73.29304504394531,50.842811584472656,2.0637574195861816,2.6794724464416504,2.816742181777954,7.721529006958008
1435,8.213598251342773,0.41177698969841003,15.603642463684082,7.96030281417282e-05,28.782737731933594,0.0,0.64125,67.99434661865234,47.943641662597656,1.9369369745254517,2.4216222763061523,2.5865371227264404,8.151975631713867
1440,8.303808212280273,0.49527573585510254,15.6170654296875,7.878447449863949e-05,26.42595863342285,0.0,0.64,74.94591522216797,51.586753845214844,1.9931057691574097,2.682656764984131,2.815877914428711,8.200006484985352
1445,7.918543815612793,0.2668381929397583,15.303411483764648,7.797123903527518e-05,18.23932647705078,0.0,0.6387499999999999,69.94747924804688,49.300537109375,1.891103744506836,2.4447827339172363,2.6045644283294678,7.2942280769348145
1450,8.109630584716797,0.3604227304458618,15.498414993286133,7.716337191582918e-05,36.781185150146484,0.0,0.6375,73.6988296508789,50.90636444091797,1.8540928363800049,2.69642972946167,2.7277092933654785,7.917557716369629
1455,8.182297706604004,0.41820064187049866,15.528194427490234,7.636092297335089e-05,83.23133087158203,0.0,0.63625,68.8919677734375,48.30213165283203,2.071932792663574,2.6189699172973633,2.597656488418579,7.196841239929199
1460,8.06418514251709,0.2881583869457245,15.552053451538086,7.556394170667094e-05,23.37698745727539,0.0,0.635,75.057861328125,52.69117736816406,1.8991447687149048,2.611117362976074,2.8345932960510254,9.140806198120117
1465,8.050715446472168,0.29962414503097534,15.502182006835938,7.477247727734796e-05,6.623623847961426,0.0,0.63375,62.7089958190918,43.860050201416016,1.7872661352157593,2.4238674640655518,2.356492519378662,6.895885944366455
1470,8.11152458190918,0.37547239661216736,15.472105026245117,7.398657850663605e-05,52.76240158081055,0.0,0.6325000000000001,67.31666564941406,45.254947662353516,2.0154149532318115,2.3909192085266113,2.49878191947937,8.476811408996582
1475,8.121427536010742,0.33293426036834717,15.576986312866211,7.32062938724734e-05,31.866863250732422,0.0,0.63125,75.36644744873047,53.171539306640625,1.8956427574157715,2.509146213531494,2.843012571334839,8.238934516906738
1480,8.128262519836426,0.38540753722190857,15.485709190368652,7.243167150649165e-05,13.970283508300781,0.0,0.63,70.29977416992188,48.862037658691406,1.8470591306686401,2.5558323860168457,2.6287553310394287,7.950590133666992
1485,8.113748550415039,0.34166237711906433,15.544172286987305,7.166275919104714e-05,9.750754356384277,0.0,0.6287499999999999,59.435943603515625,40.757694244384766,1.7755751609802246,2.4562692642211914,2.1375982761383057,7.493196964263916
1490,8.200310707092285,0.3564356565475464,15.687750816345215,7.089960435627337e-05,20.068269729614258,0.0,0.6275,72.75489044189453,52.278343200683594,1.9201064109802246,2.5228099822998047,2.774322032928467,7.7782769203186035
1495,8.138946533203125,0.3325401544570923,15.612812995910645,7.014225407715532e-05,46.81256103515625,0.0,0.62625,67.0537338256836,47.01526641845703,1.878519058227539,2.587704658508301,2.469334840774536,7.795013904571533
1500,8.027839660644531,0.2576070725917816,15.540464401245117,6.93907550706257e-05,7.369573593139648,0.0,0.625,64.62861633300781,44.647178649902344,1.824361801147461,2.5408096313476562,2.435978412628174,7.093730926513672
1505,8.015250205993652,0.26632198691368103,15.497857093811035,6.864515369268314e-05,23.194984436035156,0.0,0.62375,63.807682037353516,43.81437301635742,1.8279693126678467,2.667034149169922,2.380977153778076,8.041769027709961
1510,8.10146427154541,0.3508903384208679,15.501147270202637,6.790549593553261e-05,6.554670810699463,0.0,0.6225,70.35062408447266,48.91265869140625,1.8752940893173218,2.5030674934387207,2.642460346221924,7.378946304321289
1515,8.059981346130371,0.3430855870246887,15.433792114257812,6.717182742474872e-05,5.758518218994141,0.0,0.6212500000000001,64.92180633544922,46.70695495605469,1.9027736186981201,2.628330707550049,2.412743091583252,7.447168350219727
1520,8.128872871398926,0.2692623436450958,15.719221115112305,6.644419341646111e-05,9.219571113586426,0.0,0.62,69.14006042480469,48.467891693115234,1.93666672706604,2.673365592956543,2.590522050857544,8.109410285949707
1525,8.080771446228027,0.3371211290359497,15.487300872802734,6.572263879456284e-05,39.31481170654297,0.0,0.61875,62.11729049682617,42.78570556640625,1.6662743091583252,2.5395050048828125,2.2938029766082764,7.713658332824707
1530,8.092784881591797,0.28026020526885986,15.625049591064453,6.500720806794189e-05,26.090044021606445,0.0,0.6174999999999999,64.5092544555664,44.78119659423828,1.799739122390747,2.625373363494873,2.378798007965088,7.872832298278809
1535,8.108255386352539,0.3771062195301056,15.462298393249512,6.429794536773541e-05,65.67835998535156,0.0,0.61625,72.04385375976562,50.69547653198242,1.96786630153656,2.7328014373779297,2.798861026763916,7.536566734313965
1540,8.062660217285156,0.29392561316490173,15.537468910217285,6.359489444460768e-05,34.74489974975586,0.0,0.615,63.18541717529297,47.68341827392578,1.7497825622558594,2.3287200927734375,2.4505131244659424,8.191718101501465
1545,8.121236801147461,0.36262941360473633,15.517213821411133,6.28980986660513e-05,38.76472091674805,0.0,0.61375,67.51409912109375,48.72719955444336,1.9009127616882324,2.3621692657470703,2.56581449508667,8.272088050842285
1550,8.169391632080078,0.3424270749092102,15.653929710388184,6.220760101371205e-05,20.58690071105957,0.0,0.6125,73.54145050048828,51.663490295410156,2.107719659805298,2.8618874549865723,2.8048160076141357,8.213943481445312
1555,7.998950958251953,0.2445373684167862,15.508827209472656,6.152344408073775e-05,19.8430233001709,0.0,0.6112500000000001,60.05495071411133,43.71197509765625,1.788291573524475,2.3498027324676514,2.3238039016723633,7.719681262969971
1560,8.075789451599121,0.3664279580116272,15.418722152709961,6.084567006915064e-05,27.177860260009766,0.0,0.61,64.357177734375,46.39592742919922,1.863808274269104,2.668513774871826,2.4460973739624023,7.522564888000488
1565,8.077592849731445,0.37590572237968445,15.403374671936035,6.017432078724442e-05,29.289363861083984,0.0,0.60875,75.62852478027344,52.324310302734375,1.9840983152389526,2.7535533905029297,2.7949633598327637,8.049888610839844
1570,8.20143985748291,0.3967631757259369,15.609354019165039,5.9509437647005023e-05,17.154376983642578,0.0,0.6074999999999999,76.54068756103516,53.734527587890625,1.9996370077133179,2.619922637939453,2.923990249633789,7.804162979125977
1575,7.977497577667236,0.2781292498111725,15.398736953735352,5.8851061661556486e-05,15.852038383483887,0.0,0.60625,49.21000671386719,36.78553009033203,1.4026037454605103,2.5032544136047363,1.8520712852478027,7.971446514129639
1580,8.144444465637207,0.35885733366012573,15.571174621582031,5.8199233442630755e-05,22.814048767089844,0.0,0.605,68.19279479980469,47.408843994140625,1.9716862440109253,2.5612382888793945,2.5199968814849854,7.798625946044922
1585,8.17250919342041,0.46854403614997864,15.407930374145508,5.755399319806286e-05,46.74348449707031,0.0,0.60375,71.08271026611328,48.265953063964844,1.9538778066635132,2.5376205444335938,2.6222591400146484,8.012494087219238
1590,8.097332954406738,0.3413224220275879,15.5120210647583,5.691538072931039e-05,20.609407424926758,0.0,0.6025,60.465660095214844,40.84247589111328,1.7280110120773315,2.355926513671875,2.196866989135742,7.12473201751709
1595,8.178654670715332,0.36642470955848694,15.624460220336914,5.628343542899854e-05,17.284521102905273,0.0,0.6012500000000001,80.44921875,55.71945571899414,1.947316288948059,2.7017898559570312,3.0472755432128906,8.009794235229492
1599,8.081347465515137,0.33693814277648926,15.488819122314453,5.5782705759382104e-05,0.0,19.839080810546875,0.60025,80.44921875,55.71945571899414,1.947316288948059,2.7017898559570312,3.0472755432128906,8.009794235229492
1600,8.017274856567383,0.3118864893913269,15.410776138305664,5.565819627849019e-05,42.30348205566406,0.0,0.6,72.16816711425781,50.81254577636719,1.9156694412231445,2.6193742752075195,2.692809581756592,8.443435668945312
1605,7.953144550323486,0.2540930211544037,15.398102760314941,5.5039701845481214e-05,33.124908447265625,0.0,0.59875,57.94087219238281,41.40935516357422,1.7567932605743408,2.411144733428955,2.2416865825653076,8.085126876831055
1610,8.051427841186523,0.30757996439933777,15.487695693969727,5.442799028162169e-05,23.059619903564453,0.0,0.5974999999999999,59.650352478027344,40.968502044677734,1.646610975265503,2.626991033554077,2.258406400680542,7.286341667175293
1615,8.06259536743164,0.3413379192352295,15.442514419555664,5.3823099320162286e-05,17.654464721679688,0.0,0.59625,64.5236587524414,45.83447265625,1.7789714336395264,2.3830087184906006,2.408473491668701,7.805096626281738
1620,8.13857650756836,0.31674203276634216,15.643669128417969,5.32250662736268e-05,20.0161075592041,0.0,0.595,70.06061553955078,49.869049072265625,1.852771282196045,2.6124331951141357,2.6345677375793457,7.938624382019043
1625,8.07435131072998,0.30673834681510925,15.535225868225098,5.263392803151045e-05,8.036972045898438,0.0,0.59375,64.44552612304688,45.58494567871094,1.8099479675292969,2.5184788703918457,2.375659704208374,8.818620681762695
1630,8.211626052856445,0.465427041053772,15.49239730834961,5.20497210580046e-05,17.895952224731445,0.0,0.5925,73.86616516113281,52.579200744628906,1.8414394855499268,2.65938663482666,2.7697997093200684,7.797394752502441
1635,8.129190444946289,0.3410497009754181,15.576281547546387,5.147248138974718e-05,38.53780746459961,0.0,0.59125,66.26287078857422,45.23625564575195,1.9277002811431885,2.514784812927246,2.4488091468811035,8.016203880310059
1640,8.044909477233887,0.3251797556877136,15.439458847045898,5.090224463360002e-05,18.14413833618164,0.0,0.5900000000000001,65.8758544921875,45.78593063354492,2.0578482151031494,2.5470218658447266,2.456620454788208,7.717311859130859
1645,7.9838032722473145,0.31290775537490845,15.341791152954102,5.0339045964452276e-05,35.201560974121094,0.0,0.58875,57.50615692138672,40.09185791015625,1.8226608037948608,2.6561195850372314,2.109593391418457,7.197871208190918
1650,8.155719757080078,0.3984837830066681,15.514471054077148,4.978292012305076e-05,49.42475891113281,0.0,0.5875,68.54642486572266,46.89781951904297,2.059520721435547,2.6664175987243652,2.6163086891174316,8.762407302856445
1655,8.169686317443848,0.3647439777851105,15.609884262084961,4.923390141385696e-05,25.420671463012695,0.0,0.5862499999999999,71.33341979980469,49.478126525878906,1.8228870630264282,2.4921772480010986,2.625117540359497,8.143381118774414
1660,8.108470916748047,0.3227495849132538,15.571443557739258,4.8692023702930935e-05,33.14577865600586,0.0,0.585,72.49098205566406,51.562767028808594,2.1324002742767334,2.836698055267334,2.7812750339508057,8.295191764831543
1665,8.08487606048584,0.3779207468032837,15.413909912109375,4.815732041584243e-05,17.217721939086914,0.0,0.58375,67.05326843261719,47.206607818603516,1.9339680671691895,2.486281633377075,2.504512071609497,8.093181610107422
1670,8.10049057006836,0.30415254831314087,15.59267520904541,4.762982453560883e-05,21.911331176757812,0.0,0.5825,70.94495391845703,49.3323974609375,1.694748044013977,2.5398802757263184,2.6439037322998047,7.159819602966309
1675,8.137308120727539,0.32065290212631226,15.633310317993164,4.7109568600660776e-05,23.06603240966797,0.0,0.58125,69.97712707519531,48.426490783691406,1.9720516204833984,2.5282320976257324,2.6923773288726807,7.863295078277588
1680,8.275032997131348,0.3950834274291992,15.759899139404297,4.659658470283496e-05,19.670944213867188,0.0,0.5800000000000001,74.85868835449219,52.060585021972656,1.9816617965698242,2.8558454513549805,2.809584379196167,8.301799774169922
1685,8.136407852172852,0.33670294284820557,15.599410057067871,4.6090904485394514e-05,25.76029396057129,0.0,0.57875,74.70712280273438,53.00636291503906,2.054048538208008,2.648317813873291,2.8157496452331543,7.53442907333374
1690,7.992452621459961,0.21191419661045074,15.561077117919922,4.559255914107729e-05,24.132144927978516,0.0,0.5775,62.357723236083984,42.345680236816406,1.8567485809326172,2.424879550933838,2.292189121246338,6.921383857727051
1695,8.09923267364502,0.3590051233768463,15.48045539855957,4.5101579410171494e-05,30.246976852416992,0.0,0.5762499999999999,64.65872192382812,45.56822204589844,1.8711504936218262,2.507162570953369,2.425475835800171,7.38082218170166
1700,8.194207191467285,0.4021037817001343,15.584207534790039,4.461799557861968e-05,12.470704078674316,0.0,0.575,69.54862213134766,50.31687927246094,1.7515394687652588,2.5152831077575684,2.546571969985962,7.899240016937256
1705,8.014647483825684,0.24728921055793762,15.534716606140137,4.4141837476150436e-05,9.588155746459961,0.0,0.57375,66.40528869628906,45.684627532958984,1.9546722173690796,2.3599257469177246,2.427781105041504,7.727788925170898
1710,8.043362617492676,0.28114214539527893,15.52444076538086,4.3673134474438455e-05,16.387367248535156,0.0,0.5725,62.0709114074707,44.27439880371094,1.814884901046753,2.446718215942383,2.3334877490997314,7.762726783752441
1715,8.156059265136719,0.37588945031166077,15.560338973999023,4.321191548529261e-05,29.91213607788086,0.0,0.57125,67.21141815185547,46.310890197753906,1.7804782390594482,2.5803446769714355,2.441410541534424,7.412814140319824
1720,8.050909042358398,0.30989041924476624,15.482036590576172,4.275820895887277e-05,29.3896427154541,0.0,0.5700000000000001,73.36415100097656,53.16520690917969,1.8876127004623413,2.6267476081848145,2.7851014137268066,7.980161190032959
1725,8.073107719421387,0.3623737394809723,15.421468734741211,4.231204288193458e-05,30.83329200744629,0.0,0.56875,68.59967803955078,47.566158294677734,1.985841155052185,2.733983039855957,2.58730411529541,8.359792709350586
1730,8.069952964782715,0.2747591435909271,15.590387344360352,4.187344477610333e-05,21.633831024169922,0.0,0.5675,65.2862319946289,44.990028381347656,1.7893271446228027,2.5662312507629395,2.469719409942627,7.85674524307251
1735,8.054720878601074,0.2681442201137543,15.573153495788574,4.1442441696176136e-05,10.906310081481934,0.0,0.5662499999999999,63.42863464355469,44.79896926879883,1.8180186748504639,2.7254743576049805,2.4530210494995117,7.891270160675049
1740,8.142040252685547,0.41814127564430237,15.447797775268555,4.101906022845316e-05,9.299272537231445,0.0,0.565,71.8193359375,49.436729431152344,2.2357821464538574,2.784067153930664,2.7043843269348145,8.034786224365234
1745,8.176405906677246,0.35440051555633545,15.644010543823242,4.060332648909772e-05,13.706034660339355,0.0,0.56375,65.10577392578125,44.88007736206055,1.8441979885101318,2.5439679622650146,2.432887077331543,7.721841812133789
1750,8.105536460876465,0.3189196288585663,15.573234558105469,4.019526612252505e-05,55.841861724853516,0.0,0.5625,61.87335968017578,43.224754333496094,1.6461124420166016,2.410487174987793,2.3512015342712402,7.5376996994018555
1755,8.02854061126709,0.3031871020793915,15.450706481933594,3.979490429982073e-05,11.78540325164795,0.0,0.56125,62.363304138183594,43.15123748779297,1.765754222869873,2.4895074367523193,2.3241748809814453,7.673880577087402
1760,8.091673851013184,0.2994765341281891,15.584394454956055,3.940226571718786e-05,16.983367919921875,0.0,0.56,76.67323303222656,52.62846374511719,2.0660057067871094,2.615696907043457,2.911468982696533,8.499267578125
1765,8.099672317504883,0.3173862099647522,15.564571380615234,3.901737459442371e-05,11.658479690551758,0.0,0.5587500000000001,71.44527435302734,47.47123336791992,1.9628801345825195,2.7543106079101562,2.6046690940856934,8.512273788452148
1770,8.085245132446289,0.30275759100914,15.564974784851074,3.8640254673425695e-05,22.029693603515625,0.0,0.5575,66.5781478881836,47.17945861816406,1.7471776008605957,2.580160617828369,2.5620837211608887,7.892365455627441
1775,8.161277770996094,0.3554648756980896,15.611625671386719,3.8270929216727e-05,20.629192352294922,0.0,0.55625,63.75290298461914,42.951263427734375,1.9055885076522827,2.579394578933716,2.3424205780029297,7.8373260498046875
1780,8.086872100830078,0.2988120913505554,15.576120376586914,3.790942100606144e-05,37.77113342285156,0.0,0.5549999999999999,66.67698669433594,45.742774963378906,1.7638367414474487,2.497076988220215,2.46337890625,7.921140193939209
1785,8.2359037399292,0.3466510772705078,15.778505325317383,3.755575234095829e-05,38.55421447753906,0.0,0.55375,71.17121887207031,49.52019500732422,1.886781930923462,2.6456854343414307,2.619004487991333,7.738383769989014
1790,8.125174522399902,0.3515627980232239,15.547224044799805,3.720994503736676e-05,33.52784729003906,0.0,0.5525,65.6266098022461,45.23870086669922,2.056488275527954,2.612617254257202,2.428645610809326,7.761221885681152
1795,8.064765930175781,0.31713584065437317,15.495259284973145,3.6872020426310215e-05,34.165550231933594,0.0,0.55125,68.8385009765625,47.27101135253906,1.742073655128479,2.3636226654052734,2.6190285682678223,7.86453104019165
1800,8.185110092163086,0.37120774388313293,15.627803802490234,3.6541999352570485e-05,65.56627655029297,0.0,0.55,72.26651000976562,52.47087860107422,1.779214859008789,2.4336555004119873,2.7157788276672363,7.748556137084961
1805,8.166021347045898,0.3760429620742798,15.5799560546875,3.621990217340188e-05,32.422306060791016,0.0,0.5487500000000001,66.90992736816406,46.85622787475586,1.9472483396530151,2.8390233516693115,2.5152382850646973,7.339946746826172
1810,8.034492492675781,0.3623448610305786,15.344295501708984,3.590574875727564e-05,31.79250717163086,0.0,0.5475,62.150211334228516,42.423789978027344,1.9074132442474365,2.648162364959717,2.2869486808776855,8.155163764953613
1815,8.048930168151855,0.2569493055343628,15.583961486816406,3.559955848265426e-05,20.450305938720703,0.0,0.54625,71.52668762207031,49.79338073730469,1.728990912437439,2.3892834186553955,2.66825270652771,8.141983032226562
1820,8.064830780029297,0.32413288950920105,15.481396675109863,3.530135023679618e-05,20.859298706054688,0.0,0.5449999999999999,66.10053253173828,45.398685455322266,1.8423283100128174,2.6070499420166016,2.5264482498168945,7.311318874359131
1825,8.155837059020996,0.3834626078605652,15.544748306274414,3.5011142414590667e-05,21.492891311645508,0.0,0.54375,81.6942138671875,57.98394775390625,2.164841651916504,2.8273074626922607,3.087010622024536,8.026859283447266
1830,8.131782531738281,0.32918134331703186,15.605201721191406,3.472895291742323e-05,4.9820966720581055,0.0,0.5425,64.5682601928711,43.132965087890625,1.8567405939102173,2.6300177574157715,2.4149153232574463,8.084638595581055
1835,8.08631706237793,0.3730049431324005,15.426624298095703,3.445479915207128e-05,28.94802474975586,0.0,0.54125,63.41883850097656,44.131126403808594,1.6778055429458618,2.5102007389068604,2.347421884536743,7.431423664093018
1840,8.113016128540039,0.2975032925605774,15.631025314331055,3.418869802963041e-05,75.79886627197266,0.0,0.54,65.00358581542969,44.308773040771484,1.8581082820892334,2.5472042560577393,2.4634547233581543,7.197752952575684
1845,8.105314254760742,0.3345830738544464,15.541461944580078,3.3930665964471315e-05,45.724857330322266,0.0,0.5387500000000001,73.17646789550781,51.96977233886719,1.8597074747085571,2.5991368293762207,2.765153169631958,7.816531181335449
1850,8.132060050964355,0.2964956760406494,15.671128273010254,3.368071887322722e-05,37.3481330871582,0.0,0.5375,69.03044128417969,47.139625549316406,2.0312256813049316,2.763355255126953,2.619259834289551,7.740653038024902
1855,8.024740219116211,0.2874704897403717,15.474538803100586,3.3438872173812075e-05,31.060136795043945,0.0,0.53625,66.12451171875,44.848976135253906,1.7815804481506348,2.4976308345794678,2.465686798095703,7.295552730560303
1860,8.010804176330566,0.2486155778169632,15.524377822875977,3.3205140784469516e-05,12.101277351379395,0.0,0.5349999999999999,60.271488189697266,42.730594635009766,1.9527430534362793,2.5379724502563477,2.2929248809814453,8.128755569458008
1865,8.18481731414795,0.39436987042427063,15.580894470214844,3.2979539122852566e-05,68.30708312988281,0.0,0.53375,75.94598388671875,53.18583297729492,1.9734495878219604,2.688235282897949,2.894315004348755,9.00320053100586
1870,8.055510520935059,0.27470749616622925,15.561605453491211,3.276208110513441e-05,7.84925651550293,0.0,0.5325,67.29322814941406,47.398887634277344,1.8184826374053955,2.311427116394043,2.501908302307129,8.266271591186523
1875,8.11445140838623,0.37288570404052734,15.483131408691406,3.2552780145149914e-05,24.21879768371582,0.0,0.53125,71.95320129394531,50.02199935913086,1.8087570667266846,2.676537036895752,2.667569637298584,7.479040622711182
1880,8.054716110229492,0.3210337162017822,15.467365264892578,3.2351649153568155e-05,25.075075149536133,0.0,0.53,67.05482482910156,46.93131637573242,1.938504934310913,2.356668472290039,2.456045150756836,7.358819484710693
1885,8.048196792602539,0.2977355122566223,15.500922203063965,3.215870053709614e-05,8.161871910095215,0.0,0.52875,70.74836730957031,49.160972595214844,1.9598281383514404,2.7029151916503906,2.684377670288086,7.398636817932129
1890,7.963271617889404,0.31398147344589233,15.298580169677734,3.197394619771338e-05,29.650516510009766,0.0,0.5275000000000001,62.614349365234375,44.103912353515625,1.9157739877700806,2.576092481613159,2.3584561347961426,7.661537170410156
1895,7.934910774230957,0.25653955340385437,15.356742858886719,3.1797397531937816e-05,11.002185821533203,0.0,0.52625,63.49456024169922,45.97704315185547,1.8682637214660645,2.7393665313720703,2.402782917022705,7.524764537811279
1900,8.13654613494873,0.36736786365509033,15.53835678100586,3.162906543012276e-05,11.893805503845215,0.0,0.525,72.93431854248047,50.15583801269531,1.9116504192352295,2.530674695968628,2.7592811584472656,7.70015811920166
1905,8.039873123168945,0.32146307826042175,15.436820983886719,3.1468960275785156e-05,19.429250717163086,0.0,0.5237499999999999,68.54785919189453,48.388671875,1.7999144792556763,2.5992519855499268,2.6137547492980957,7.489011764526367
1910,8.060418128967285,0.34325888752937317,15.434318542480469,3.131709194496511e-05,29.99695587158203,0.0,0.5225,68.94526672363281,49.14759063720703,1.8218038082122803,2.424473285675049,2.560102701187134,8.214847564697266
1915,8.070480346679688,0.36363232135772705,15.413695335388184,3.117346980561661e-05,24.99412727355957,0.0,0.52125,58.51759338378906,41.776954650878906,1.9034959077835083,2.612618923187256,2.2349205017089844,8.227892875671387
1920,8.059459686279297,0.32761016488075256,15.463699340820312,3.1038102717029764e-05,12.286108016967773,0.0,0.52,66.23717498779297,46.307167053222656,2.013855218887329,2.693845748901367,2.495302677154541,8.267038345336914
1925,8.131749153137207,0.3817082941532135,15.500082015991211,3.0910999029284185e-05,7.945182800292969,0.0,0.51875,68.20091247558594,48.41444778442383,1.8093880414962769,2.462918519973755,2.6444218158721924,7.488972187042236
1930,7.9699811935424805,0.2773332893848419,15.385295867919922,3.079216658273406e-05,20.052488327026367,0.0,0.5175000000000001,63.56466293334961,45.7364616394043,1.881316900253296,2.323539972305298,2.3449549674987793,7.288447856903076
1935,8.092992782592773,0.3472222685813904,15.491540908813477,3.068161270752448e-05,22.378358840942383,0.0,0.51625,62.772438049316406,43.02003479003906,1.8528149127960205,2.5291380882263184,2.367151975631714,7.937801361083984
1940,7.964565753936768,0.2426154762506485,15.443900108337402,3.057934422313918e-05,27.93416404724121,0.0,0.515,69.48291778564453,46.48054504394531,2.020425319671631,2.6184539794921875,2.5526375770568848,7.447019577026367
1945,7.962892532348633,0.26955923438072205,15.386666297912598,3.0485367437980026e-05,12.757709503173828,0.0,0.5137499999999999,66.9417724609375,46.9173583984375,1.8850688934326172,2.4546303749084473,2.527250289916992,8.517390251159668
1950,8.00716781616211,0.28366249799728394,15.447010040283203,3.039968814897779e-05,52.52293395996094,0.0,0.5125,57.92377471923828,42.22995376586914,1.7891628742218018,2.4390501976013184,2.182941198348999,7.079698085784912
1955,8.115242958068848,0.29953089356422424,15.631423950195312,3.0322311641234596e-05,12.06722354888916,0.0,0.51125,77.66473388671875,51.844539642333984,1.890877366065979,2.518725872039795,2.777921199798584,8.793413162231445
1960,8.099421501159668,0.3155183494091034,15.567806243896484,3.0253242687697937e-05,23.09908103942871,0.0,0.51,72.31563568115234,51.02802658081055,2.070072650909424,2.6093554496765137,2.763643741607666,8.509233474731445
1965,8.064640998840332,0.340111643075943,15.449058532714844,3.0192485548866177e-05,34.64253234863281,0.0,0.50875,65.25792694091797,44.993141174316406,2.0133161544799805,2.519831657409668,2.4937026500701904,7.402629852294922
1970,8.055468559265137,0.29592961072921753,15.51907730102539,3.014004397252587e-05,25.652908325195312,0.0,0.5075000000000001,59.596248626708984,41.58816146850586,1.7289880514144897,2.4178686141967773,2.1995787620544434,6.871376037597656
1975,8.024765014648438,0.28899508714675903,15.471540451049805,3.0095921193520457e-05,93.76542663574219,0.0,0.50625,66.21601867675781,45.88658142089844,1.6622058153152466,2.2816481590270996,2.4924588203430176,7.175447463989258
1980,7.968000888824463,0.27049607038497925,15.395009994506836,3.006011993355077e-05,28.293306350708008,0.0,0.505,63.57919692993164,43.327945709228516,1.7729612588882446,2.4338808059692383,2.4153270721435547,7.827831745147705
1985,8.030970573425293,0.291256844997406,15.479427337646484,3.0032642401007155e-05,9.117788314819336,0.0,0.5037499999999999,74.62701416015625,51.69261169433594,2.1478307247161865,2.781660556793213,2.7751760482788086,7.826718330383301
1990,8.001243591308594,0.2868061661720276,15.428874969482422,3.0013490290833278e-05,14.084023475646973,0.0,0.5025,73.38139343261719,51.16977310180664,1.874293327331543,2.5853517055511475,2.7470321655273438,7.612351417541504
1995,8.046480178833008,0.287037193775177,15.518885612487793,3.000266478442149e-05,19.83143424987793,0.0,0.50125,64.54341888427734,43.64360427856445,1.785990595817566,2.599520206451416,2.3647899627685547,8.183065414428711
1999,8.050419807434082,0.3102113902568817,15.480417251586914,0.0003,0.0,20.19611358642578,0.50025,64.54341888427734,43.64360427856445,1.785990595817566,2.599520206451416,2.3647899627685547,8.183065414428711
2000,8.009455680847168,0.2655302882194519,15.4878511428833,0.0002999999583626085,10.42817497253418,0.0,0.5,58.7803955078125,42.96416473388672,1.8926615715026855,2.5237574577331543,2.243903636932373,7.213171005249023
2005,8.107501983642578,0.3349137604236603,15.54517650604248,0.00029999850105660544,94.97291564941406,0.0,0.5,71.91831970214844,52.34777069091797,1.9261560440063477,2.5240049362182617,2.792875289916992,8.756928443908691
2010,8.271117210388184,0.40085548162460327,15.740523338317871,0.00029999496190671497,98.56999969482422,0.0,0.5,68.26707458496094,47.403221130371094,1.9578862190246582,2.6931047439575195,2.533980369567871,7.335171699523926
2015,8.199183464050293,0.2892201244831085,15.819927215576172,0.00029998934096751514,77.53788757324219,0.0,0.5,70.4695816040039,49.83081817626953,1.9015729427337646,2.5508275032043457,2.641414165496826,7.127087593078613
2020,8.028820991516113,0.2718251943588257,15.513991355895996,0.0002999816383256879,24.775447845458984,0.0,0.5,66.66328430175781,48.93815231323242,1.8966712951660156,2.349283218383789,2.605788469314575,8.405441284179688
2025,8.08259105682373,0.33734509348869324,15.49049186706543,0.00029997185410001744,47.201210021972656,0.0,0.5,69.83705139160156,49.11500930786133,1.9159934520721436,2.5186805725097656,2.6648826599121094,7.777698993682861
2030,8.105948448181152,0.28841158747673035,15.635074615478516,0.0002999599884413886,4.716839790344238,0.0,0.5,67.86614990234375,47.54813766479492,1.9920718669891357,2.909992218017578,2.5511269569396973,8.232648849487305
2035,8.174168586730957,0.30829498171806335,15.731746673583984,0.0002999460415327846,64.10210418701172,0.0,0.5,74.20503997802734,52.114532470703125,1.9904706478118896,2.657731056213379,2.788358449935913,8.444578170776367
2040,8.292190551757812,0.3048451542854309,15.974690437316895,0.00029993001358928395,118.53316497802734,0.0,0.5,62.41386413574219,44.65057373046875,1.8365215063095093,2.612856864929199,2.3497314453125,8.341652870178223
2045,8.130356788635254,0.2836779057979584,15.693357467651367,0.00029991190485805744,79.58353424072266,0.0,0.5,74.88594055175781,54.035667419433594,1.941653847694397,2.478041172027588,2.8669209480285645,8.508665084838867
2050,8.161977767944336,0.3049546778202057,15.714046478271484,0.00029989171561836404,58.158355712890625,0.0,0.5,65.44125366210938,45.428977966308594,1.9359616041183472,2.497422933578491,2.499269962310791,8.09261703491211
2055,8.039312362670898,0.2591582238674164,15.560307502746582,0.0002998694461815468,14.850415229797363,0.0,0.5,75.5710220336914,50.79841613769531,1.7792854309082031,2.555443286895752,2.7780518531799316,8.111482620239258
2060,8.007952690124512,0.237579807639122,15.540746688842773,0.000299845096891028,19.22102928161621,0.0,0.5,64.37435913085938,46.49351119995117,1.735081672668457,2.416712760925293,2.4312682151794434,8.114461898803711
2065,8.037935256958008,0.2896529734134674,15.496563911437988,0.0002998186681223039,43.67997360229492,0.0,0.5,68.07423400878906,49.614715576171875,1.8708128929138184,2.7188053131103516,2.597135066986084,7.953088760375977
2070,8.074094772338867,0.271053671836853,15.60608196258545,0.0002997901602829387,58.45432662963867,0.0,0.5,72.51956939697266,49.93671417236328,2.037039041519165,2.6465249061584473,2.6718335151672363,6.7830705642700195
2075,8.161918640136719,0.3153899013996124,15.693058013916016,0.0002997595738125586,37.95861053466797,0.0,0.5,69.94725036621094,50.56673049926758,1.901932716369629,2.585462808609009,2.653024673461914,7.659874439239502
2080,8.224838256835938,0.45270836353302,15.544260025024414,0.00029972690918284473,22.69148063659668,0.0,0.5,66.91647338867188,47.33137893676758,1.853761076927185,2.6673946380615234,2.570631980895996,7.761223316192627
2085,7.991501331329346,0.24949969351291656,15.484003067016602,0.00029969216689752624,9.283327102661133,0.0,0.5,64.37342071533203,45.094322204589844,2.0456466674804688,2.6851861476898193,2.4529166221618652,7.552059173583984
2090,8.155608177185059,0.3968128561973572,15.51759147644043,0.00029965534749237197,53.06583023071289,0.0,0.5,76.68497467041016,53.41027069091797,1.7734864950180054,2.528447151184082,2.815220355987549,8.645883560180664
2095,8.034049987792969,0.35817840695381165,15.3517427444458,0.00029961645153518283,43.314544677734375,0.0,0.5,65.80879974365234,45.998809814453125,1.9577218294143677,2.4827561378479004,2.4822444915771484,7.484051704406738
2100,8.249627113342285,0.4114932119846344,15.676268577575684,0.00029957547962578256,63.52851867675781,0.0,0.5,70.50741577148438,49.610172271728516,1.9808603525161743,2.5428948402404785,2.710130214691162,8.809181213378906
2105,8.064682006835938,0.3018204867839813,15.52572250366211,0.0002995324323960087,10.22340202331543,0.0,0.5,64.68843078613281,46.4328727722168,1.8129156827926636,2.334260940551758,2.457327365875244,8.516080856323242
2110,8.132159233093262,0.34331953525543213,15.577678680419922,0.0002994873105097028,32.28126525878906,0.0,0.5,57.99970626831055,42.9561653137207,1.8354517221450806,2.3707242012023926,2.250917434692383,8.088672637939453
2115,8.022123336791992,0.27852877974510193,15.487189292907715,0.00029944011466270006,33.241943359375,0.0,0.5,77.31001281738281,54.03729248046875,2.110992908477783,2.9411816596984863,2.9583024978637695,8.909817695617676
2120,8.016853332519531,0.33881619572639465,15.356073379516602,0.0002993908455828189,32.3072624206543,0.0,0.5,66.51329803466797,45.744232177734375,1.8279277086257935,2.526247978210449,2.499110698699951,8.042194366455078
2125,8.186311721801758,0.37919047474861145,15.614242553710938,0.0002993395040298495,29.87777328491211,0.0,0.5,65.0944595336914,42.10968780517578,1.8098678588867188,2.328634738922119,2.4314422607421875,6.854174613952637
2130,8.25895881652832,0.35881075263023376,15.80029582977295,0.0002992860907955421,51.56211471557617,0.0,0.5,83.36772155761719,59.866539001464844,2.0451931953430176,2.6745786666870117,3.143857479095459,9.177903175354004
2135,8.145964622497559,0.30963248014450073,15.672663688659668,0.00029923060670359485,58.85792922973633,0.0,0.5,64.96324157714844,46.31565475463867,1.8904423713684082,2.754607915878296,2.520382881164551,6.9872660636901855
2140,8.075756072998047,0.29012763500213623,15.571256637573242,0.00029917305260964105,20.23931312561035,0.0,0.5,66.78359985351562,44.926353454589844,1.9470964670181274,2.482583999633789,2.495701313018799,8.092338562011719
2145,8.055205345153809,0.2882256805896759,15.53395938873291,0.000299113429401236,21.368663787841797,0.0,0.5,64.88690185546875,45.997135162353516,1.9251073598861694,2.7087366580963135,2.446352243423462,7.758456230163574
2150,8.135883331298828,0.3229981064796448,15.625770568847656,0.0002990517379978435,53.23039245605469,0.0,0.5,70.05490112304688,49.22044372558594,1.8791358470916748,2.460592746734619,2.6173877716064453,8.166194915771484
2155,7.997644424438477,0.26951104402542114,15.456266403198242,0.0002989879793508212,14.532580375671387,0.0,0.5,68.86457824707031,46.93153762817383,1.9472569227218628,2.554253101348877,2.556635856628418,7.6326727867126465
2160,8.064943313598633,0.3239348530769348,15.482017517089844,0.0002989221544434062,35.829959869384766,0.0,0.5,72.74691772460938,52.90392303466797,2.0420610904693604,2.606151580810547,2.780163288116455,7.646108627319336
2165,8.090084075927734,0.3451615869998932,15.489845275878906,0.0002988542642907002,51.22480010986328,0.0,0.5,71.87663269042969,51.5097770690918,1.8991488218307495,2.69443416595459,2.740487575531006,7.523199081420898
2170,8.35488510131836,0.4606057405471802,15.788558006286621,0.0002987843099396532,42.393062591552734,0.0,0.5,70.1790542602539,49.14430236816406,1.8437395095825195,2.4673662185668945,2.6547794342041016,7.804914474487305
2175,8.085256576538086,0.3116881251335144,15.547136306762695,0.00029871229246904786,12.075211524963379,0.0,0.5,66.10572052001953,45.81455993652344,1.7261297702789307,2.418900966644287,2.5378546714782715,7.284605979919434
2180,8.041298866271973,0.28499940037727356,15.512598991394043,0.0002986382129894827,44.794654846191406,0.0,0.5,69.4743423461914,49.067657470703125,1.830410361289978,2.230153799057007,2.6255829334259033,8.105907440185547
2185,8.149979591369629,0.3412018418312073,15.617555618286133,0.000298562072643355,48.344642639160156,0.0,0.5,68.134765625,48.25579071044922,1.9352045059204102,2.6027591228485107,2.555129051208496,7.580386161804199
2190,8.13389778137207,0.37739914655685425,15.512996673583984,0.00029848387260484287,65.39734649658203,0.0,0.5,58.66447448730469,41.88256072998047,1.7889548540115356,2.737642526626587,2.265500068664551,7.272086143493652
2195,7.98227071762085,0.2688937187194824,15.426753997802734,0.0002984036140798879,51.2358283996582,0.0,0.5,70.81256866455078,49.3031120300293,1.9950658082962036,2.511073589324951,2.627767562866211,7.240534782409668
2200,8.085238456726074,0.2940339744091034,15.582409858703613,0.0002983212983061756,39.309207916259766,0.0,0.5,70.56211853027344,50.34566879272461,1.9138482809066772,2.4312360286712646,2.6692159175872803,8.362096786499023
2205,8.058083534240723,0.34029871225357056,15.435569763183594,0.00029823692655311717,90.22740936279297,0.0,0.5,65.46421813964844,46.225738525390625,1.872514009475708,2.514260768890381,2.4901750087738037,7.465721130371094
2210,8.2083740234375,0.34387797117233276,15.728992462158203,0.0002981505001218294,96.7348403930664,0.0,0.5,65.55587005615234,46.01013946533203,1.834892749786377,2.4104342460632324,2.527834892272949,8.639537811279297
2215,8.164787292480469,0.38548386096954346,15.558606147766113,0.00029806202034511473,91.93441009521484,0.0,0.5,67.38125610351562,48.328895568847656,2.127080202102661,2.7743020057678223,2.5578458309173584,7.353870391845703
2220,8.327338218688965,0.38389697670936584,15.886882781982422,0.00029797148858744075,153.9939422607422,0.0,0.5,76.43082427978516,54.81612777709961,2.1056323051452637,2.471893787384033,2.9857606887817383,9.269304275512695
2225,8.11083984375,0.3478136658668518,15.526052474975586,0.0002978789062449193,59.47563934326172,0.0,0.5,72.36465454101562,50.63583755493164,2.0482981204986572,2.6658191680908203,2.7170021533966064,7.737591743469238
2230,8.226117134094238,0.37505659461021423,15.702120780944824,0.0002977842747452845,55.67560577392578,0.0,0.5,68.22917175292969,47.55276870727539,1.9212985038757324,2.3348278999328613,2.5399138927459717,9.019351959228516
2235,8.176440238952637,0.39216357469558716,15.568553924560547,0.00029768759554787115,61.31584548950195,0.0,0.5,67.86263275146484,48.060298919677734,2.0939321517944336,2.6939568519592285,2.595430612564087,7.681987285614014
2240,8.062009811401367,0.29213714599609375,15.53974437713623,0.00029758887014359216,22.177453994750977,0.0,0.5,69.24317932128906,47.37917709350586,1.9037795066833496,2.6399803161621094,2.566885471343994,7.369663238525391
2245,8.04139518737793,0.2909993529319763,15.500791549682617,0.00029748810005491525,8.074747085571289,0.0,0.5,67.78479766845703,47.172264099121094,1.8205764293670654,2.4483728408813477,2.509614944458008,7.58746337890625
2250,8.062408447265625,0.30540966987609863,15.513997077941895,0.00029738528683583996,56.05121994018555,0.0,0.5,70.4459228515625,47.76051330566406,1.9436750411987305,2.63561749458313,2.5680580139160156,8.698675155639648
2255,8.061616897583008,0.33207064867019653,15.45909309387207,0.0002972804320718733,48.54785919189453,0.0,0.5,70.95294189453125,48.426902770996094,1.870774745941162,2.657989263534546,2.616807699203491,6.889408111572266
2260,8.06617546081543,0.3258243203163147,15.480701446533203,0.0002971735373800054,16.449752807617188,0.0,0.5,72.35537719726562,50.590660095214844,1.9845672845840454,2.534276247024536,2.68318510055542,8.747550964355469
2265,8.006916999816895,0.3062555491924286,15.401322364807129,0.00029706460440868466,40.821624755859375,0.0,0.5,65.5682373046875,47.33872604370117,1.8388760089874268,2.4648454189300537,2.472795009613037,7.925338268280029
2270,8.101643562316895,0.35845908522605896,15.486368179321289,0.0002969536348377923,38.429832458496094,0.0,0.5,85.80721282958984,59.39155960083008,2.3225290775299072,2.864367961883545,3.1337389945983887,9.092964172363281
2275,8.034504890441895,0.29048261046409607,15.488044738769531,0.0002968406303786163,20.365161895751953,0.0,0.5,69.57530212402344,47.4173469543457,1.7937517166137695,2.4630532264709473,2.577972888946533,8.628669738769531
2280,7.977221965789795,0.27920180559158325,15.396039962768555,0.00029672559277382527,15.922000885009766,0.0,0.5,70.55766296386719,49.78516387939453,1.7708203792572021,2.6558210849761963,2.6195671558380127,7.7364959716796875
2285,8.10445499420166,0.33227914571762085,15.544351577758789,0.00029660852379744136,22.49936866760254,0.0,0.5,75.20606994628906,51.276973724365234,2.206728935241699,2.690392017364502,2.794337034225464,7.966550350189209
2290,8.042191505432129,0.2769571840763092,15.530468940734863,0.000296489425254813,14.092060089111328,0.0,0.5,67.90052795410156,46.31165313720703,1.8600671291351318,2.4345669746398926,2.53806734085083,8.28501033782959
2295,8.07990837097168,0.3544086515903473,15.451000213623047,0.0002963682989825871,21.775588989257812,0.0,0.5,67.7236328125,47.737510681152344,2.1018197536468506,2.8094515800476074,2.538084030151367,7.934499263763428
2300,8.104883193969727,0.2783610224723816,15.653044700622559,0.0002962451468486805,46.29566955566406,0.0,0.5,67.39286804199219,50.181583404541016,1.8000138998031616,2.410891532897949,2.5731992721557617,8.334002494812012
2305,8.046704292297363,0.3585292398929596,15.376350402832031,0.0002961199707522516,83.81622314453125,0.0,0.5,68.69656372070312,48.530975341796875,1.8887417316436768,2.747979164123535,2.594959259033203,7.939253807067871
2310,8.1781587600708,0.34698712825775146,15.662343978881836,0.0002959927726236706,24.71929359436035,0.0,0.5,75.79444885253906,51.87293243408203,1.9620893001556396,2.620718479156494,2.8112120628356934,8.732593536376953
2315,8.055299758911133,0.2789205312728882,15.552759170532227,0.00029586355442448993,59.38645935058594,0.0,0.5,79.443115234375,54.57666778564453,1.9358786344528198,2.566805601119995,2.9548115730285645,8.795819282531738
2320,8.123516082763672,0.4047992527484894,15.437433242797852,0.00029573231814741417,26.167724609375,0.0,0.5,77.17936706542969,54.476810455322266,1.901342511177063,2.57348895072937,2.9555983543395996,9.802558898925781
2325,8.249858856201172,0.4251594841480255,15.649398803710938,0.00029559906581626895,42.38436508178711,0.0,0.5,73.32963562011719,48.40103530883789,1.9052166938781738,2.8401365280151367,2.719007730484009,8.06902027130127
2330,8.157493591308594,0.3577204644680023,15.599546432495117,0.0002954637994859702,19.855379104614258,0.0,0.5,77.33592987060547,53.84772491455078,1.9705842733383179,2.6916370391845703,2.9009790420532227,7.833840847015381
2335,8.036222457885742,0.29781684279441833,15.476810455322266,0.00029532652124249193,11.020574569702148,0.0,0.5,74.03030395507812,52.209739685058594,1.8158459663391113,2.5827717781066895,2.8207931518554688,8.24332332611084
2340,8.262853622436523,0.36748647689819336,15.790733337402344,0.00029518723320283457,85.24248504638672,0.0,0.5,88.09004211425781,59.30076217651367,2.089961290359497,2.7000999450683594,3.2500405311584473,9.586709976196289
2345,8.094230651855469,0.264462947845459,15.659534454345703,0.000295045937514992,28.227680206298828,0.0,0.5,70.22642517089844,48.67280197143555,2.0103273391723633,2.3880069255828857,2.6218056678771973,8.574884414672852
2350,8.085365295410156,0.36377912759780884,15.443172454833984,0.0002949026363579184,29.710796356201172,0.0,0.5,73.65350341796875,52.46846008300781,2.054596424102783,2.731044054031372,2.8158316612243652,8.055145263671875
2355,8.104714393615723,0.3426550328731537,15.524118423461914,0.000294757331941495,21.194557189941406,0.0,0.5,65.08733367919922,45.12307357788086,1.625748872756958,2.4344382286071777,2.433701992034912,8.378945350646973
2360,8.121354103088379,0.330010324716568,15.582687377929688,0.00029461002650649557,91.60497283935547,0.0,0.5,71.66424560546875,49.364723205566406,2.2157208919525146,2.9888601303100586,2.6960299015045166,8.034886360168457
2365,8.105560302734375,0.33206072449684143,15.546998977661133,0.00029446072232455225,139.01654052734375,0.0,0.5,73.25830078125,51.36182403564453,1.8530776500701904,2.551229953765869,2.7510976791381836,8.770095825195312
2370,8.205781936645508,0.47118258476257324,15.469199180603027,0.00029430942169812014,47.87210464477539,0.0,0.5,70.60981750488281,48.28798294067383,2.012051582336426,2.5367133617401123,2.675882577896118,7.593568801879883
2375,8.150261878967285,0.35476574301719666,15.590991973876953,0.0002941561269604421,26.2622013092041,0.0,0.5,59.52681350708008,41.89926528930664,1.8630094528198242,2.471811532974243,2.256884813308716,7.630204677581787
2380,8.189434051513672,0.32925769686698914,15.720352172851562,0.0002940008404755126,35.57279586791992,0.0,0.5,69.869140625,47.42296600341797,1.8352959156036377,2.6368179321289062,2.6326799392700195,7.684905052185059
2385,8.103874206542969,0.3712870180606842,15.465173721313477,0.0002938435646380413,21.564151763916016,0.0,0.5,74.54757690429688,50.72743225097656,2.1288843154907227,2.726693630218506,2.8253839015960693,8.065864562988281
2390,7.904688358306885,0.24833832681179047,15.312700271606445,0.0002936843018734163,31.68828010559082,0.0,0.5,55.13018035888672,38.393428802490234,1.7489207983016968,2.325836658477783,2.0339035987854004,7.333499431610107
2395,7.988984107971191,0.27454349398612976,15.428881645202637,0.0002935230546376663,24.094085693359375,0.0,0.5,62.95286560058594,45.162132263183594,1.7057304382324219,2.454072952270508,2.3414955139160156,8.283882141113281
2399,8.085968017578125,0.2632259726524353,15.645484924316406,0.0002933926296998457,0.0,21.834121704101562,0.5,62.95286560058594,45.162132263183594,1.7057304382324219,2.454072952270508,2.3414955139160156,8.283882141113281
2400,8.121541976928711,0.37694159150123596,15.489201545715332,0.00029335982541742325,26.276643753051758,0.0,0.5,70.739990234375,49.62223815917969,2.0388710498809814,2.8080105781555176,2.706017255783081,7.840155601501465
2405,8.152053833007812,0.3050360679626465,15.694034576416016,0.0002931946167298836,239.74839782714844,0.0,0.5,80.3717041015625,56.123085021972656,1.974395751953125,2.553112506866455,2.9739041328430176,9.646236419677734
2410,8.155187606811523,0.36202043294906616,15.586334228515625,0.0002930274311227697,114.52021026611328,0.0,0.5,65.92737579345703,46.20891571044922,1.9231940507888794,2.627145767211914,2.5251832008361816,7.678821563720703
2415,8.199691772460938,0.2527349591255188,15.893913269042969,0.00029285827117429044,129.61968994140625,0.0,0.5,67.10423278808594,48.17203140258789,1.8111498355865479,2.484452724456787,2.508387565612793,8.723928451538086
2420,7.932450771331787,0.23286525905132294,15.399170875549316,0.0002926871394931015,22.91580581665039,0.0,0.5,63.313270568847656,43.04228210449219,1.6685817241668701,2.327785015106201,2.337797164916992,7.419804096221924
2425,8.047021865844727,0.25248298048973083,15.58907699584961,0.00029251403871826504,14.760180473327637,0.0,0.5,69.78350830078125,50.115814208984375,1.8700380325317383,2.315338373184204,2.612414598464966,8.223352432250977
2430,8.288593292236328,0.3566633462905884,15.863859176635742,0.00029233897151920916,37.7297477722168,0.0,0.5,80.19889831542969,57.936424255371094,2.0382659435272217,2.8129987716674805,3.017075538635254,8.711236953735352
2435,8.017736434936523,0.2795637547969818,15.47634506225586,0.0002921619405956867,68.65384674072266,0.0,0.5,51.08116912841797,36.443603515625,1.6632157564163208,2.42191743850708,1.9496989250183105,7.6572065353393555
2440,8.113046646118164,0.23090216517448425,15.764289855957031,0.00029198294867773347,73.23458099365234,0.0,0.5,75.36099243164062,51.10866165161133,2.187784194946289,2.647684335708618,2.8310885429382324,8.119231224060059
2445,8.067754745483398,0.309059202671051,15.517391204833984,0.00029180199852562623,21.14412498474121,0.0,0.5,68.87495422363281,47.16024398803711,1.7998650074005127,2.5793700218200684,2.5108675956726074,7.617275238037109
2450,8.000531196594238,0.2747267484664917,15.45160961151123,0.0002916190929298402,39.49859619140625,0.0,0.5,59.664344787597656,39.686161041259766,1.7029281854629517,2.321122169494629,2.2370989322662354,8.019400596618652
2455,8.030572891235352,0.32646846771240234,15.408207893371582,0.000291434234711006,6.904560565948486,0.0,0.5,63.2176513671875,44.44316101074219,1.7843356132507324,2.5373029708862305,2.379249095916748,7.75496244430542
2460,8.072052955627441,0.35879629850387573,15.426513671875,0.00029124742671986583,30.378572463989258,0.0,0.5,69.29373931884766,48.444393157958984,1.998156189918518,2.5460290908813477,2.5794436931610107,8.246475219726562
2465,8.152990341186523,0.3046407997608185,15.696699142456055,0.00029105867183723023,65.95170593261719,0.0,0.5,84.49234008789062,56.825965881347656,1.8921146392822266,2.4973368644714355,3.15346622467041,7.536381721496582
2470,8.202204704284668,0.4383183419704437,15.527772903442383,0.0002908679729739329,23.226743698120117,0.0,0.5,67.67874145507812,47.3226432800293,1.8179998397827148,2.5558762550354004,2.53350830078125,8.136693954467773
2475,8.019243240356445,0.3105306625366211,15.417425155639648,0.0002906753330707863,18.65831184387207,0.0,0.5,64.0722885131836,46.00617599487305,1.7574329376220703,2.457911968231201,2.3985869884490967,8.162494659423828
2480,8.131462097167969,0.33054855465888977,15.601827621459961,0.0002904807550985359,21.91653823852539,0.0,0.5,70.18668365478516,48.15046691894531,1.9365872144699097,2.656831741333008,2.6801183223724365,7.975118160247803
2485,8.025344848632812,0.27548733353614807,15.499714851379395,0.00029028424205781485,67.29031372070312,0.0,0.5,67.48466491699219,47.66069793701172,1.966597557067871,2.716177463531494,2.4738430976867676,7.3288893699646
2490,8.025374412536621,0.3150346577167511,15.420679092407227,0.0002900857969790973,18.83646011352539,0.0,0.5,65.75332641601562,46.98686218261719,1.7696797847747803,2.4686455726623535,2.4304311275482178,8.359695434570312
2495,8.078069686889648,0.3476525545120239,15.460834503173828,0.0002898854229226518,62.22822189331055,0.0,0.5,68.1178207397461,49.01385498046875,1.927233099937439,2.4394068717956543,2.5781025886535645,8.070121765136719
2500,8.139053344726562,0.3745204210281372,15.52906608581543,0.00028968312297849425,17.87725067138672,0.0,0.5,61.288841247558594,42.927635192871094,1.884211778640747,2.8088622093200684,2.343045711517334,8.240982055664062
2505,8.19198226928711,0.38881391286849976,15.60633659362793,0.00028947890026634,36.11689758300781,0.0,0.5,59.425933837890625,44.0110969543457,1.6346161365509033,2.5672245025634766,2.2613525390625,9.309255599975586
2510,8.115547180175781,0.3519876003265381,15.527118682861328,0.000289272757935556,56.85617446899414,0.0,0.5,64.2476806640625,44.36109161376953,1.795006513595581,2.552298069000244,2.4654178619384766,6.796407699584961
2515,8.001228332519531,0.29622480273246765,15.410006523132324,0.00028906469916511183,44.735755920410156,0.0,0.5,73.81378173828125,50.34680938720703,1.825300693511963,2.6468865871429443,2.743898391723633,7.813764572143555
2520,8.016214370727539,0.29765453934669495,15.43712043762207,0.0002888547271635313,10.90402603149414,0.0,0.5,69.64708709716797,49.13404083251953,1.7819578647613525,2.4091672897338867,2.612156391143799,8.070952415466309
2525,8.153114318847656,0.35482433438301086,15.596580505371094,0.0002886428451688423,69.42919921875,0.0,0.5,76.04734802246094,53.40924835205078,1.9658176898956299,2.58535099029541,2.8093717098236084,8.617467880249023
2530,7.998637676239014,0.305867075920105,15.385540962219238,0.00028842905644852726,29.74149513244629,0.0,0.5,67.1868896484375,44.511268615722656,1.8414933681488037,2.5848817825317383,2.440117597579956,6.836772918701172
2535,8.080257415771484,0.32452893257141113,15.511457443237305,0.00028821336429947286,35.6861686706543,0.0,0.5,64.04856872558594,44.95360565185547,1.844102144241333,2.485140323638916,2.3708128929138184,8.810466766357422
2540,8.16408920288086,0.3787347674369812,15.570709228515625,0.0002879957720479188,68.55500793457031,0.0,0.5,88.83177185058594,59.1468505859375,2.726984977722168,3.292146921157837,3.3795506954193115,9.28549575805664
2545,8.078764915466309,0.3189241588115692,15.519681930541992,0.00028777628304940667,89.41104888916016,0.0,0.5,74.05731964111328,52.374717712402344,1.9129360914230347,2.5200119018554688,2.773355484008789,9.938375473022461
2550,8.249974250793457,0.5821763277053833,15.33559513092041,0.0002875549006887285,127.79415893554688,0.0,0.5,65.35765075683594,44.54426574707031,1.8936922550201416,2.7959542274475098,2.440685749053955,6.934883117675781
2555,8.031806945800781,0.25921428203582764,15.545185089111328,0.0002873316283798741,76.12921142578125,0.0,0.5,76.47297668457031,52.39080047607422,1.878232479095459,2.6813862323760986,2.8757903575897217,7.801143646240234
2560,8.18276309967041,0.39993420243263245,15.565658569335938,0.0002871064695659787,13.787349700927734,0.0,0.5,72.25161743164062,50.35187530517578,1.945054292678833,2.3890652656555176,2.6985316276550293,8.58759593963623
2565,8.042728424072266,0.270883172750473,15.54369068145752,0.0002868794277192696,22.67245864868164,0.0,0.5,67.74930572509766,46.89195251464844,1.9884997606277466,2.4759178161621094,2.5538840293884277,7.751411437988281
2570,8.074865341186523,0.3359127640724182,15.4779052734375,0.0002866505063410132,44.316749572753906,0.0,0.5,72.08650207519531,49.958473205566406,1.8260180950164795,2.5336995124816895,2.713148593902588,8.307802200317383
2575,8.008264541625977,0.36957550048828125,15.27737808227539,0.00028641970896146006,55.81733703613281,0.0,0.5,61.586727142333984,42.243499755859375,1.9986705780029297,2.6239874362945557,2.2828636169433594,7.259458065032959
2580,8.062562942504883,0.35977703332901,15.405570983886719,0.0002861870391397915,35.556373596191406,0.0,0.5,65.61827087402344,45.06509017944336,1.8248319625854492,2.4327096939086914,2.4626264572143555,8.114849090576172
2585,7.970901966094971,0.3032934069633484,15.335217475891113,0.00028595250046406387,35.95048522949219,0.0,0.5,67.63410949707031,46.72864532470703,1.5837786197662354,2.44757342338562,2.4918551445007324,7.883420944213867
2590,7.982388496398926,0.34757205843925476,15.269633293151855,0.0002857160965511537,80.06439971923828,0.0,0.5,67.11973571777344,46.589332580566406,2.031374454498291,2.5871171951293945,2.512307643890381,7.617466926574707
2595,8.032783508300781,0.24295082688331604,15.579666137695312,0.0002854778310467019,144.07540893554688,0.0,0.5,85.73824310302734,61.791046142578125,2.289743661880493,3.159261465072632,3.2190351486206055,11.693642616271973
2600,8.018717765808105,0.2995149791240692,15.438405990600586,0.0002852377076250571,30.404491424560547,0.0,0.5,70.13990020751953,48.29579544067383,1.8742870092391968,2.5875067710876465,2.6236748695373535,7.343515396118164
2605,7.94516134262085,0.2528739273548126,15.384574890136719,0.0002849957299892197,30.446409225463867,0.0,0.5,64.32081604003906,43.500892639160156,1.7810839414596558,2.5250205993652344,2.3711657524108887,8.383776664733887
2610,8.0677490234375,0.2804662883281708,15.574565887451172,0.000284751901870784,31.040740966796875,0.0,0.5,61.035430908203125,43.18940734863281,1.807930588722229,2.47849702835083,2.2623708248138428,7.956220626831055
2615,8.027149200439453,0.3417033553123474,15.370892524719238,0.00028450622702988146,18.13665008544922,0.0,0.5,70.93766784667969,47.80938720703125,1.9120882749557495,2.5834388732910156,2.5765533447265625,8.265497207641602
2620,8.074274063110352,0.35757967829704285,15.433388710021973,0.00028425870925512177,66.73092651367188,0.0,0.5,67.11283111572266,45.25557327270508,1.84846031665802,2.396897792816162,2.5018348693847656,7.8660478591918945
2625,8.010210037231445,0.2752343714237213,15.469951629638672,0.0002840093523635353,66.83312225341797,0.0,0.5,71.48521423339844,50.08836364746094,1.8684734106063843,2.43579363822937,2.6478633880615234,7.645998477935791
2630,8.09475326538086,0.42773714661598206,15.334033012390137,0.00028375816020051394,46.414913177490234,0.0,0.5,66.52898406982422,46.19879913330078,1.827268123626709,2.5726048946380615,2.523989677429199,8.112468719482422
2635,8.035524368286133,0.28282251954078674,15.505403518676758,0.0002835051366397514,7.775094032287598,0.0,0.5,70.99396514892578,49.66010284423828,2.008458137512207,2.632391929626465,2.659449338912964,7.903232097625732
2640,8.002734184265137,0.32100436091423035,15.363460540771484,0.0002832502855831841,79.966064453125,0.0,0.5,65.0196533203125,44.45011901855469,1.9027458429336548,2.7041585445404053,2.3641834259033203,7.401362419128418
2645,7.976603031158447,0.2960781753063202,15.36104965209961,0.0002829936109609305,50.19826126098633,0.0,0.5,63.796287536621094,43.829673767089844,1.7259302139282227,2.2404046058654785,2.3387560844421387,8.234280586242676
2650,8.033090591430664,0.32797619700431824,15.410228729248047,0.0002827351167312308,124.00776672363281,0.0,0.5,66.94216918945312,44.229400634765625,1.9537310600280762,2.5120584964752197,2.4622578620910645,6.7546796798706055
2655,8.246214866638184,0.34899717569351196,15.794435501098633,0.00028247480688038597,137.75042724609375,0.0,0.5,77.07881164550781,54.526187896728516,1.934874415397644,2.494140148162842,2.9512341022491455,10.17680549621582
2660,8.064451217651367,0.35822442173957825,15.412452697753906,0.0002822126854226957,179.1859588623047,0.0,0.5,75.14485168457031,51.555206298828125,2.2984628677368164,2.9497294425964355,2.8261501789093018,7.417400360107422
2665,8.040555000305176,0.31156522035598755,15.457979202270508,0.0002819487564003973,95.88093566894531,0.0,0.5,79.02508544921875,57.184879302978516,1.9529156684875488,2.7867283821105957,3.0076475143432617,9.554892539978027
2670,7.89818811416626,0.2422875612974167,15.311800956726074,0.0002816830238836027,28.639190673828125,0.0,0.5,67.88990783691406,47.152923583984375,2.090683937072754,2.722538471221924,2.510364055633545,7.631792068481445
2675,8.048101425170898,0.37185510993003845,15.352493286132812,0.000281415491970236,104.98619079589844,0.0,0.5,70.42396545410156,50.15951919555664,1.8234002590179443,2.6129260063171387,2.625535488128662,8.088310241699219
2680,8.051106452941895,0.3553251326084137,15.391563415527344,0.00028114616478597037,43.617835998535156,0.0,0.5,72.57183074951172,50.02417755126953,1.9714717864990234,2.5375211238861084,2.6856744289398193,8.382002830505371
2685,8.156554222106934,0.3731164038181305,15.566875457763672,0.0002808750464841641,61.07106399536133,0.0,0.5,74.17124938964844,50.94954299926758,2.029200315475464,2.370176315307617,2.7951500415802,8.303956031799316
2690,8.074576377868652,0.3754498064517975,15.398253440856934,0.00028060214124579676,26.03583335876465,0.0,0.5,83.23631286621094,58.1824951171875,1.9197137355804443,2.5103044509887695,3.144324779510498,8.770208358764648
2695,8.099820137023926,0.3358844816684723,15.527871131896973,0.0002803274532794048,42.42330551147461,0.0,0.5,71.16043090820312,49.18557357788086,1.7025163173675537,2.5835485458374023,2.6990208625793457,7.2582597732543945
2700,7.978011131286621,0.2961757779121399,15.363670349121094,0.00028005098682101645,56.221092224121094,0.0,0.5,64.22019958496094,45.14863967895508,1.8486279249191284,2.4752583503723145,2.4454541206359863,7.297079086303711
2705,8.075180053710938,0.2760108709335327,15.598339080810547,0.0002797727461340865,96.89643096923828,0.0,0.5,80.85887145996094,56.42680358886719,1.8801385164260864,2.3575587272644043,3.038475751876831,8.903682708740234
2710,8.019518852233887,0.2468949556350708,15.545247077941895,0.0002794927355094305,70.83126068115234,0.0,0.5,65.2611083984375,45.538856506347656,1.7849558591842651,2.5920045375823975,2.3922929763793945,7.3282670974731445
2715,8.104270935058594,0.33142536878585815,15.545690536499023,0.0002792109592651587,82.77718353271484,0.0,0.5,68.80301666259766,47.86030578613281,1.6987885236740112,2.5321903228759766,2.565326690673828,8.483661651611328
2720,8.019391059875488,0.3102293908596039,15.418322563171387,0.00027892742174660936,21.751874923706055,0.0,0.5,68.83268737792969,48.6842155456543,1.8794142007827759,2.478923797607422,2.585214853286743,7.871838569641113
2725,8.04784870147705,0.3326428234577179,15.430412292480469,0.00027864212732628174,29.248807907104492,0.0,0.5,69.02586364746094,47.09653091430664,1.9203355312347412,2.666987895965576,2.5577917098999023,7.329865455627441
2730,8.068779945373535,0.3127449154853821,15.512069702148438,0.0002783550804037688,34.73316955566406,0.0,0.5,82.88748168945312,56.99774169921875,1.9690144062042236,2.699833869934082,3.0855698585510254,9.031963348388672
2735,7.996302127838135,0.30086007714271545,15.390884399414062,0.00027806628540568914,34.76946258544922,0.0,0.5,58.277366638183594,40.067562103271484,1.7379862070083618,2.26668381690979,2.1636972427368164,7.945289611816406
2740,8.050965309143066,0.3469294011592865,15.408071517944336,0.0002777757467856188,24.953048706054688,0.0,0.5,74.4361801147461,53.194244384765625,1.919819712638855,2.737069606781006,2.788433313369751,8.662598609924316
2745,7.970985412597656,0.3047502338886261,15.332469940185547,0.0002774834690240229,24.78898811340332,0.0,0.5,74.91844177246094,53.0473518371582,1.8030176162719727,2.7311854362487793,2.8494296073913574,7.576300621032715
2750,8.035143852233887,0.2752012014389038,15.519886016845703,0.00027718945662818595,27.369808197021484,0.0,0.5,68.9876708984375,48.224552154541016,1.7609614133834839,2.5428452491760254,2.588679075241089,7.881935119628906
2755,8.115323066711426,0.31009650230407715,15.610453605651855,0.0002768937141321428,60.82966995239258,0.0,0.5,71.62251281738281,49.31866455078125,1.9343549013137817,2.5481581687927246,2.655796766281128,7.806354999542236
2760,7.9570746421813965,0.23830467462539673,15.437540054321289,0.0002765962460966087,31.148096084594727,0.0,0.5,62.51249313354492,43.45140075683594,1.8613839149475098,2.491976737976074,2.353137493133545,8.344789505004883
2765,7.987171173095703,0.2082151621580124,15.55791187286377,0.00027629705710890864,12.689637184143066,0.0,0.5,64.82319641113281,44.29859924316406,1.885805368423462,2.6056034564971924,2.400491237640381,7.743106365203857
2770,8.041229248046875,0.3000218868255615,15.482414245605469,0.00027599615178290697,19.519332885742188,0.0,0.5,71.30595397949219,48.51258850097656,2.0284132957458496,2.690847635269165,2.6247682571411133,7.793403625488281
2775,8.01828670501709,0.2634776532649994,15.509618759155273,0.00027569353475893606,24.199180603027344,0.0,0.5,70.26383972167969,49.476165771484375,1.9480936527252197,2.6678919792175293,2.6152727603912354,9.03849983215332
2780,7.904818534851074,0.21543018519878387,15.378776550292969,0.0002753892107037247,83.22352600097656,0.0,0.5,64.6842041015625,45.12872314453125,1.8156418800354004,2.5995020866394043,2.4280362129211426,8.224918365478516
2785,7.959482669830322,0.2675120532512665,15.383941650390625,0.0002750831843103264,49.59601593017578,0.0,0.5,64.38763427734375,45.20706558227539,1.5827544927597046,2.3253014087677,2.4353251457214355,7.827947616577148
2790,8.064786911010742,0.3136537969112396,15.502266883850098,0.00027477546029804664,60.96342468261719,0.0,0.5,68.89952087402344,46.35735321044922,1.840599775314331,2.4181418418884277,2.5445613861083984,7.946223735809326
2795,7.950296401977539,0.24655577540397644,15.40748119354248,0.0002744660434123704,37.365455627441406,0.0,0.5,66.04753875732422,44.751953125,1.924149990081787,2.6298205852508545,2.420591354370117,7.5096893310546875
2799,8.132184028625488,0.376691073179245,15.510985374450684,0.00027421729424061787,0.0,19.680850982666016,0.5,66.04753875732422,44.751953125,1.924149990081787,2.6298205852508545,2.420591354370117,7.5096893310546875
2800,8.032296180725098,0.2924513518810272,15.479690551757812,0.0002741549384248888,46.27540588378906,0.0,0.5,79.02776336669922,53.69219970703125,1.8745588064193726,2.5563719272613525,2.8986542224884033,7.895666599273682
2805,7.8809099197387695,0.2009207308292389,15.359978675842285,0.0002738421501332256,32.56122970581055,0.0,0.5,58.87312698364258,41.02910614013672,1.5524373054504395,2.3407959938049316,2.150087833404541,7.843815803527832
2810,7.914338111877441,0.25882744789123535,15.31102180480957,0.0002735276833609632,36.58977127075195,0.0,0.5,60.329647064208984,42.749847412109375,1.7486642599105835,2.360842704772949,2.3245391845703125,7.395055770874023
2815,8.009157180786133,0.2708035111427307,15.476706504821777,0.0002732115429575683,42.60747528076172,0.0,0.5,70.494873046875,51.10957336425781,1.7650431394577026,2.4876787662506104,2.6516852378845215,8.714630126953125
2820,7.95434045791626,0.30189424753189087,15.304892539978027,0.00027289373379831694,68.6063461303711,0.0,0.5,61.314353942871094,41.858726501464844,1.8348767757415771,2.4531373977661133,2.2886404991149902,8.725982666015625
2825,8.019822120666504,0.26209568977355957,15.515453338623047,0.0002725742607842195,55.88179016113281,0.0,0.5,62.402740478515625,43.86741256713867,2.079745054244995,2.558583974838257,2.369133472442627,7.490511417388916
2830,8.010058403015137,0.2839258015155792,15.452265739440918,0.0002722531288419451,51.6839485168457,0.0,0.5,74.17520141601562,51.69593811035156,1.8327655792236328,2.2849936485290527,2.777682304382324,9.234806060791016
2835,7.884564399719238,0.23346613347530365,15.302196502685547,0.00027193034292374553,37.35590362548828,0.0,0.5,59.48688507080078,40.86090850830078,1.69856595993042,2.189100742340088,2.218437671661377,6.995119094848633
2840,7.864278793334961,0.25605371594429016,15.216449737548828,0.00027160590800737893,57.05410385131836,0.0,0.5,59.51634979248047,40.355255126953125,1.6283702850341797,2.5407073497772217,2.197697162628174,7.884899139404297
2845,8.035792350769043,0.29395851492881775,15.483667373657227,0.0002712798290960331,41.205196380615234,0.0,0.5,68.13670349121094,47.84626770019531,1.7710189819335938,2.5368857383728027,2.518948554992676,7.5342488288879395
2850,7.972271919250488,0.2534777820110321,15.437588691711426,0.00027095211121824824,14.419342041015625,0.0,0.5,66.01576232910156,45.348228454589844,1.9390803575515747,2.431776523590088,2.48016619682312,7.6717681884765625
2855,8.068098068237305,0.3377220928668976,15.460752487182617,0.00027062275942783934,84.74308776855469,0.0,0.5,65.40475463867188,44.332672119140625,1.7549002170562744,2.4244167804718018,2.433436632156372,7.382711410522461
2860,7.833599090576172,0.21626132726669312,15.234675407409668,0.00027029177880381856,18.69610595703125,0.0,0.5,60.7888069152832,43.69785690307617,1.6999075412750244,2.1921777725219727,2.3064723014831543,8.881814002990723
2865,7.916663646697998,0.22111570835113525,15.391096115112305,0.0002699591744503165,90.70160675048828,0.0,0.5,61.13798141479492,41.214759826660156,1.7910950183868408,2.6130900382995605,2.271879196166992,7.286415100097656
2870,8.15884780883789,0.3966982960700989,15.524299621582031,0.00026962495149650376,68.75723266601562,0.0,0.5,68.8082275390625,48.72581481933594,1.7612245082855225,2.472066879272461,2.5379273891448975,8.34170150756836
2875,8.009693145751953,0.2875976264476776,15.444190979003906,0.00026928911509651167,19.156267166137695,0.0,0.5,65.8070068359375,44.79603576660156,1.7357418537139893,2.45194149017334,2.440624237060547,7.48178768157959
2880,7.918156623840332,0.2206013798713684,15.395110130310059,0.00026895167042935306,32.655921936035156,0.0,0.5,60.48468780517578,41.25893783569336,1.6736869812011719,2.2989954948425293,2.304749011993408,6.652884483337402
2885,7.8955512046813965,0.25443267822265625,15.28223705291748,0.0002686126226988421,93.52104187011719,0.0,0.5,51.590423583984375,37.56359100341797,1.7033448219299316,2.154388904571533,1.9806551933288574,7.152324676513672
2890,8.013589859008789,0.27899169921875,15.469196319580078,0.0002682719771335142,63.075374603271484,0.0,0.5,68.6632308959961,47.232242584228516,1.832887887954712,2.5120770931243896,2.539900541305542,7.983938694000244
2895,7.98770809173584,0.30284109711647034,15.369733810424805,0.00026792973898654543,76.51817321777344,0.0,0.5,71.05859375,48.29315185546875,1.97981858253479,2.811018466949463,2.6516356468200684,7.877758026123047
2900,8.022027969360352,0.27913835644721985,15.48577880859375,0.00026758591353567135,35.73118209838867,0.0,0.5,63.6004524230957,45.0269660949707,1.8076342344284058,2.637558937072754,2.42836594581604,8.601515769958496
2905,8.135976791381836,0.3728656768798828,15.52622127532959,0.0002672405060831057,97.85940551757812,0.0,0.5,79.66136169433594,53.857730865478516,1.894238829612732,2.605733871459961,2.9471797943115234,7.65975284576416
2910,8.146964073181152,0.29622673988342285,15.701475143432617,0.00026689352195545876,171.74163818359375,0.0,0.5,71.29347229003906,49.51762771606445,1.822990894317627,2.3984737396240234,2.6567087173461914,8.895610809326172
2915,8.06494140625,0.31412604451179504,15.501629829406738,0.000266544966503655,95.90333557128906,0.0,0.5,68.27108764648438,46.78504943847656,1.9308934211730957,2.632049560546875,2.570675849914551,8.189242362976074
2920,8.047367095947266,0.28144076466560364,15.531851768493652,0.0002661948451028507,13.870694160461426,0.0,0.5,68.61628723144531,48.80900573730469,1.8745867013931274,2.641817092895508,2.6215097904205322,8.185375213623047
2925,8.077295303344727,0.30349233746528625,15.547605514526367,0.0002658431631523508,22.557579040527344,0.0,0.5,67.2412109375,46.05160903930664,1.707547664642334,2.3964016437530518,2.440488815307617,8.236928939819336
2930,8.037498474121094,0.3235761821269989,15.427845001220703,0.0002654899260755263,63.692955017089844,0.0,0.5,72.20036315917969,51.23748779296875,2.1539664268493652,2.6667089462280273,2.759148120880127,7.5658416748046875
2935,8.07282829284668,0.29194048047065735,15.561776161193848,0.00026513513931972975,150.86294555664062,0.0,0.5,72.50151062011719,51.55562973022461,1.9592455625534058,2.584042549133301,2.668217658996582,9.438998222351074
2940,8.100113868713379,0.34442082047462463,15.51138687133789,0.00026477880835621185,109.03717803955078,0.0,0.5,66.82340240478516,47.406280517578125,1.9468250274658203,2.5856645107269287,2.54250431060791,7.621867656707764
2945,7.947606086730957,0.2585105001926422,15.378190994262695,0.0002644209386800368,125.73919677734375,0.0,0.5,69.84757995605469,51.7833137512207,1.8483312129974365,2.4339466094970703,2.655884265899658,9.30927562713623
2950,7.956351280212402,0.3282146751880646,15.25627326965332,0.0002640615358099978,44.247161865234375,0.0,0.5,73.04862976074219,51.428565979003906,1.9134984016418457,2.3244447708129883,2.7691495418548584,8.510064125061035
2955,8.084465980529785,0.39296597242355347,15.383000373840332,0.00026370060528853166,65.61245727539062,0.0,0.5,67.38479614257812,47.619815826416016,1.822023868560791,2.475285053253174,2.528980255126953,7.62485408782959
2960,7.8959879875183105,0.27667760848999023,15.23862075805664,0.00026333815268163345,40.847782135009766,0.0,0.5,62.71394729614258,44.365196228027344,1.6903470754623413,2.4409422874450684,2.2807717323303223,8.526800155639648
2965,8.018706321716309,0.2700812518596649,15.497249603271484,0.00026297418357877086,52.651512145996094,0.0,0.5,67.44039916992188,45.24208068847656,1.7940669059753418,2.766732692718506,2.5248255729675293,7.241970062255859
2970,8.031167030334473,0.32892102003097534,15.404491424560547,0.0002626087035927977,85.64204406738281,0.0,0.5,75.76026916503906,53.90276336669922,1.8251957893371582,2.7371952533721924,2.9249367713928223,8.189866065979004
2975,7.993180274963379,0.3291512131690979,15.328058242797852,0.0002622417183598674,50.474998474121094,0.0,0.5,59.69944381713867,41.049102783203125,1.592987298965454,2.2920494079589844,2.1769142150878906,6.814163684844971
2980,7.869963645935059,0.24380084872245789,15.252326011657715,0.00026187323353934626,24.979684829711914,0.0,0.5,62.888824462890625,43.93682098388672,1.5873615741729736,2.3212220668792725,2.397890329360962,7.279532432556152
2985,7.935754776000977,0.25135114789009094,15.368806838989258,0.0002615032548137261,47.365455627441406,0.0,0.5,73.933349609375,50.198265075683594,1.8287346363067627,2.6693758964538574,2.689016819000244,7.389509201049805
2990,8.069106101989746,0.3244278132915497,15.489356994628906,0.0002611317878885365,67.45954132080078,0.0,0.5,67.82266998291016,44.98699951171875,1.7173060178756714,2.4639523029327393,2.5295746326446533,8.466850280761719
2995,8.037704467773438,0.275878369808197,15.523653030395508,0.00026075883849225695,102.23464965820312,0.0,0.5,78.90507507324219,54.420318603515625,1.966482400894165,2.469621419906616,2.9291772842407227,8.517963409423828
3000,8.049772262573242,0.3694107234477997,15.360723495483398,0.00026038441237622855,67.41324615478516,0.0,0.5,63.05791473388672,44.73308563232422,1.8259326219558716,2.553558111190796,2.3905766010284424,7.488358497619629
3005,8.015028953552246,0.23333464562892914,15.56338882446289,0.0002600085153145652,30.556163787841797,0.0,0.5,60.171875,42.24407196044922,1.8249564170837402,2.2636208534240723,2.2709438800811768,8.709918975830078
3010,7.965178489685059,0.2844235301017761,15.361510276794434,0.0002596311531040646,53.55665588378906,0.0,0.5,63.40644073486328,43.4913330078125,1.7855682373046875,2.5262303352355957,2.4024574756622314,7.022451400756836
3015,8.140131950378418,0.3909786641597748,15.498306274414062,0.0002592523315641188,90.77161407470703,0.0,0.5,74.28114318847656,50.821372985839844,1.8816158771514893,2.3693296909332275,2.7645692825317383,9.522554397583008
3020,8.106263160705566,0.3358749449253082,15.540777206420898,0.0002588720565366246,101.09761810302734,0.0,0.5,73.97496032714844,50.20912170410156,2.194070816040039,2.67250657081604,2.7372562885284424,7.564859390258789
3025,8.155200004577637,0.3439601957798004,15.622480392456055,0.0002584903338858934,66.0830078125,0.0,0.5,74.33219146728516,52.24090576171875,1.891709327697754,2.3610587120056152,2.7751333713531494,9.41189956665039
3030,7.870397090911865,0.2904483377933502,15.159897804260254,0.0002581071694985606,52.77793884277344,0.0,0.5,60.36434555053711,42.64479064941406,1.7102510929107666,2.442901611328125,2.325798511505127,7.820240497589111
3035,7.971055030822754,0.26320385932922363,15.415702819824219,0.0002577225692834951,102.38224029541016,0.0,0.5,70.7109375,48.078155517578125,1.8292605876922607,2.513869524002075,2.649296283721924,7.594684600830078
3040,8.020648956298828,0.3325311541557312,15.376235961914062,0.000257336539171708,131.08990478515625,0.0,0.5,61.53407287597656,42.32408905029297,1.673884391784668,2.4117162227630615,2.3378288745880127,7.818274974822998
3045,8.012059211730957,0.29526469111442566,15.433588981628418,0.0002569490851162611,102.2216567993164,0.0,0.5,70.95274353027344,48.24071502685547,1.9648566246032715,2.5388998985290527,2.633011817932129,6.954157829284668
3050,8.00241756439209,0.32794731855392456,15.348939895629883,0.00025656021309217533,36.16265869140625,0.0,0.5,66.85497283935547,46.40360641479492,1.7946083545684814,2.5198020935058594,2.5234732627868652,7.929211139678955
3055,7.942060947418213,0.3122303783893585,15.259660720825195,0.00025616992909633827,46.004234313964844,0.0,0.5,62.30205154418945,41.74922561645508,1.6070448160171509,2.4767005443573,2.3346996307373047,7.965052604675293
3060,7.966726303100586,0.3184242844581604,15.29660415649414,0.000255778239147412,28.037511825561523,0.0,0.5,62.665855407714844,44.35865020751953,1.74799382686615,2.3800387382507324,2.372082233428955,8.529715538024902
3065,8.115266799926758,0.36224648356437683,15.506040573120117,0.0002553851492857401,135.91432189941406,0.0,0.5,75.20211791992188,52.199974060058594,2.152904510498047,2.67697811126709,2.8086230754852295,7.918133735656738
3070,7.816982269287109,0.21856407821178436,15.196836471557617,0.0002549906655732544,164.35470581054688,0.0,0.5,68.42350769042969,48.63690185546875,1.7654283046722412,2.454987049102783,2.5838582515716553,9.205150604248047
3075,7.902812957763672,0.27326974272727966,15.259086608886719,0.0002545947940933819,53.25701904296875,0.0,0.5,67.57040405273438,45.910423278808594,1.877540111541748,2.5867912769317627,2.4384098052978516,7.819504737854004
3080,7.952212333679199,0.2599277198314667,15.38456916809082,0.0002541975409509504,73.4109878540039,0.0,0.5,68.02226257324219,46.974517822265625,1.8956987857818604,2.4931259155273438,2.5422911643981934,8.055723190307617
3085,8.0027494430542,0.29379168152809143,15.417915344238281,0.00025379891227209485,83.5528793334961,0.0,0.5,62.419029235839844,43.01777648925781,1.6543314456939697,2.428849697113037,2.3177695274353027,8.404699325561523
3090,8.052249908447266,0.31965821981430054,15.465184211730957,0.00025339891420416257,144.0701141357422,0.0,0.5,66.21023559570312,46.71709442138672,1.9220092296600342,2.7796759605407715,2.5287508964538574,7.696259021759033
3095,7.92311429977417,0.2822040021419525,15.281820297241211,0.0002529975529156186,19.465402603149414,0.0,0.5,64.47987365722656,44.261016845703125,1.713616132736206,2.4452972412109375,2.314422130584717,7.555423736572266
3100,8.007315635681152,0.34210309386253357,15.330425262451172,0.00025259483459595054,98.29230499267578,0.0,0.5,69.80789947509766,47.959476470947266,1.8070683479309082,2.36588716506958,2.651641368865967,8.375301361083984
3105,8.086538314819336,0.3033543825149536,15.566368103027344,0.00025219076545557307,220.62948608398438,0.0,0.5,71.23674011230469,49.274559020996094,2.064122438430786,2.791607141494751,2.69472599029541,8.017010688781738
3110,7.856779098510742,0.22798502445220947,15.257588386535645,0.0002517853517257322,113.21746063232422,0.0,0.5,53.61492156982422,39.64414596557617,1.6417371034622192,2.3612184524536133,2.05064058303833,8.534034729003906
3115,8.097835540771484,0.35666653513908386,15.482338905334473,0.00025137859965840905,114.32527923583984,0.0,0.5,74.38695526123047,50.10878372192383,2.2295773029327393,2.7075436115264893,2.8139877319335938,7.712347984313965
3120,7.933097839355469,0.24937428534030914,15.367446899414062,0.0002509705155262238,67.20687103271484,0.0,0.5,56.9110221862793,38.281951904296875,1.5842024087905884,2.4401872158050537,2.1397652626037598,7.927896022796631
3125,7.833497524261475,0.23932045698165894,15.1883544921875,0.0002505611056223386,52.70651626586914,0.0,0.5,57.91698455810547,41.45164489746094,1.6840260028839111,2.4433765411376953,2.1873788833618164,7.204229831695557
3130,7.976711750030518,0.3033955991268158,15.34663200378418,0.0002501503762603605,79.3550796508789,0.0,0.5,68.7670669555664,47.885986328125,1.84621000289917,2.5906972885131836,2.613187789916992,7.073402404785156
3135,7.918938159942627,0.29212313890457153,15.253629684448242,0.0002497383337742445,83.50698852539062,0.0,0.5,67.67357635498047,47.498619079589844,1.6544166803359985,2.4711055755615234,2.529857873916626,8.086132049560547
3140,7.86398458480835,0.2697797119617462,15.188409805297852,0.0002493249845181954,22.908430099487305,0.0,0.5,58.64872360229492,41.47815704345703,1.6090199947357178,2.357734203338623,2.167604446411133,7.117216110229492
3145,7.9796905517578125,0.3086462616920471,15.34208869934082,0.0002489103348665701,55.37425994873047,0.0,0.5,65.40508270263672,43.252464294433594,1.7344598770141602,2.5199477672576904,2.393679141998291,7.89672327041626
3150,7.903753757476807,0.2834990322589874,15.240509033203125,0.0002484943912137791,75.2167739868164,0.0,0.5,67.84452819824219,47.8284912109375,1.7414214611053467,2.493668794631958,2.500004291534424,8.178524017333984
3155,7.974676609039307,0.2435154914855957,15.462322235107422,0.0002480771599741881,59.799381256103516,0.0,0.5,67.35590362548828,45.55775451660156,1.8914605379104614,2.55645751953125,2.4794697761535645,7.914615631103516
3160,7.945286750793457,0.28274741768836975,15.325078964233398,0.00024765864758201903,39.13511657714844,0.0,0.5,68.80987548828125,46.952735900878906,1.837013840675354,2.346647024154663,2.549558162689209,9.789793014526367
3165,7.901674747467041,0.30047091841697693,15.202407836914062,0.00024723886049125057,23.71547508239746,0.0,0.5,66.59219360351562,45.959129333496094,1.6396770477294922,2.490705728530884,2.5245065689086914,7.351634979248047
3170,7.963973522186279,0.3139253854751587,15.30009651184082,0.00024681780517551906,33.16087341308594,0.0,0.5,64.28475189208984,43.394447326660156,1.6396403312683105,2.4045517444610596,2.362328052520752,8.3569974899292
3175,7.974133014678955,0.2838020622730255,15.380661964416504,0.0002463954881280183,110.35468292236328,0.0,0.5,61.52445983886719,42.75729751586914,1.6304364204406738,2.4877777099609375,2.2802364826202393,7.721249580383301
3180,8.09533405303955,0.27861160039901733,15.633445739746094,0.0002459719158613996,105.2870864868164,0.0,0.5,76.364501953125,53.509033203125,1.7550747394561768,2.506606340408325,2.910749912261963,8.250930786132812
3185,7.988849639892578,0.3154146075248718,15.346870422363281,0.00024554709490767133,118.63434600830078,0.0,0.5,58.69841766357422,40.34077072143555,1.618564248085022,2.2925219535827637,2.1708500385284424,7.6099395751953125
3190,7.897297382354736,0.2160901576280594,15.362414360046387,0.00024512103181809807,85.9503173828125,0.0,0.5,64.41565704345703,43.455772399902344,1.6115751266479492,2.2907040119171143,2.323215961456299,7.5649261474609375
3195,8.006284713745117,0.3211438059806824,15.370281219482422,0.00024469373316309977,23.717723846435547,0.0,0.5,72.99918365478516,51.77356719970703,1.6661765575408936,2.343522548675537,2.7474355697631836,8.589327812194824
3199,7.925731658935547,0.28316977620124817,15.285123825073242,0.00024435100905948387,0.0,19.69391632080078,0.5,72.99918365478516,51.77356719970703,1.6661765575408936,2.343522548675537,2.7474355697631836,8.589327812194824
3200,7.928799629211426,0.2804442346096039,15.296710968017578,0.00024426520553215024,92.93862915039062,0.0,0.5,60.709693908691406,43.24192810058594,1.6825087070465088,2.4170303344726562,2.3252992630004883,7.47940731048584
3205,8.053630828857422,0.29702624678611755,15.513208389282227,0.00024383545553367564,18.86817169189453,0.0,0.5,61.726951599121094,42.14881896972656,1.788590908050537,2.588334083557129,2.3027002811431885,8.112592697143555
3210,7.974559307098389,0.26767289638519287,15.413772583007812,0.00024340448979495266,54.727195739746094,0.0,0.5,70.0379638671875,45.66687774658203,1.8061742782592773,2.493316888809204,2.5589044094085693,7.439517974853516
3215,8.096604347229004,0.32656344771385193,15.540081024169922,0.00024297231496200607,54.24642562866211,0.0,0.5,70.4276351928711,47.503944396972656,1.8771206140518188,2.700655460357666,2.6205973625183105,8.798661231994629
3220,7.796843528747559,0.2184915691614151,15.15670394897461,0.00024253893769950646,8.520441055297852,0.0,0.5,56.91378402709961,40.980987548828125,1.5912407636642456,2.563619613647461,2.1609950065612793,7.292423725128174
3225,7.873634338378906,0.23241707682609558,15.282434463500977,0.00024210436469066727,63.066158294677734,0.0,0.5,58.51008605957031,39.45976257324219,1.6903512477874756,2.5014352798461914,2.1778810024261475,8.021889686584473
3230,7.900976181030273,0.2701725363731384,15.26160717010498,0.00024166860263714196,69.6051025390625,0.0,0.5,63.052982330322266,43.64385223388672,1.812037467956543,2.666388511657715,2.336824417114258,7.680914402008057
3235,7.926121711730957,0.3019907772541046,15.248261451721191,0.00024123165825892036,133.66934204101562,0.0,0.5,67.69926452636719,47.88007736206055,1.6304525136947632,2.51416015625,2.5873944759368896,8.661365509033203
3240,7.971466064453125,0.281522661447525,15.379886627197266,0.00024079353829422538,32.20753860473633,0.0,0.5,72.69645690917969,48.75187301635742,1.7569724321365356,2.353726863861084,2.6818041801452637,8.288764953613281
3245,8.094643592834473,0.35955116152763367,15.470184326171875,0.00024035424949940887,21.68036460876465,0.0,0.5,72.41239166259766,49.96847915649414,1.7431026697158813,2.4161906242370605,2.6613264083862305,7.749351501464844
3250,7.9578447341918945,0.30026838183403015,15.315153121948242,0.00023991379864884743,52.62160110473633,0.0,0.5,67.567626953125,46.73693084716797,1.6543625593185425,2.489577531814575,2.5291287899017334,7.807769298553467
3255,7.936662673950195,0.27519604563713074,15.322933197021484,0.00023947219253483808,78.55583953857422,0.0,0.5,64.49132537841797,44.38308334350586,1.7627520561218262,2.267914056777954,2.444021701812744,7.274781227111816
3260,7.924010276794434,0.31002581119537354,15.2279691696167,0.0002390294379674933,29.003719329833984,0.0,0.5,66.36701965332031,47.017967224121094,1.6356737613677979,2.383018970489502,2.490684747695923,8.723396301269531
3265,8.003292083740234,0.3180515468120575,15.37048053741455,0.00023858554177463634,64.2030029296875,0.0,0.5,72.3843765258789,50.25505447387695,1.861311674118042,2.524202823638916,2.704108476638794,8.657665252685547
3270,7.96134090423584,0.29608333110809326,15.330514907836914,0.00023814051080169553,44.95340347290039,0.0,0.5,67.2388916015625,46.301055908203125,1.5988073348999023,2.23213267326355,2.448240280151367,8.129914283752441
3275,7.878171443939209,0.21828331053256989,15.31977653503418,0.00023769435191159908,46.10383224487305,0.0,0.5,60.787750244140625,42.37171173095703,1.5500152111053467,2.292210578918457,2.3024373054504395,7.306020736694336
3280,7.936450958251953,0.24001403152942657,15.392873764038086,0.00023724707198466896,133.48141479492188,0.0,0.5,64.33221435546875,44.705772399902344,1.710923433303833,2.4393417835235596,2.4154582023620605,7.939659118652344
3285,7.8694329261779785,0.21978417038917542,15.299297332763672,0.00023679867791851495,65.27473449707031,0.0,0.5,62.04212951660156,43.586456298828125,1.6749470233917236,2.420297861099243,2.325850486755371,7.850376129150391
3290,7.98947286605835,0.32693782448768616,15.32507038116455,0.00023634917662792828,106.60685729980469,0.0,0.5,75.35761260986328,52.3933219909668,1.9229426383972168,2.7151026725769043,2.8920416831970215,7.935410499572754
3295,7.934811592102051,0.256974458694458,15.355674743652344,0.00023589857504477488,52.68513107299805,0.0,0.5,64.5103759765625,43.77861022949219,1.735410213470459,2.441028594970703,2.4191641807556152,7.676150321960449
3300,7.886624336242676,0.23665601015090942,15.299936294555664,0.0002354468801178886,80.0353012084961,0.0,0.5,59.26737976074219,40.562705993652344,1.682542085647583,2.287989854812622,2.153414249420166,7.100425720214844
3305,7.834171772003174,0.2406625896692276,15.187018394470215,0.00023499409881296392,90.39160919189453,0.0,0.5,61.013763427734375,41.92929458618164,1.7993966341018677,2.4124929904937744,2.1769537925720215,6.842414855957031
3310,7.887430667877197,0.26095810532569885,15.252944946289062,0.00023454023811244875,51.4462776184082,0.0,0.5,58.7578239440918,40.25413513183594,1.7677712440490723,2.541259765625,2.1896777153015137,7.254363059997559
3315,7.931670665740967,0.3021179735660553,15.259105682373047,0.00023408530501543655,23.79800033569336,0.0,0.5,68.59721374511719,45.99433898925781,1.613483190536499,2.322862148284912,2.510390520095825,8.197208404541016
3320,7.930558204650879,0.281339168548584,15.29843807220459,0.00023362930653755837,73.70735168457031,0.0,0.5,64.16822814941406,41.64033126831055,1.6689362525939941,2.4523494243621826,2.2949271202087402,7.412684440612793
3325,7.986860275268555,0.2408633679151535,15.49199390411377,0.00023317224971087497,108.26704406738281,0.0,0.5,68.30638122558594,48.13176727294922,1.7857334613800049,2.54693603515625,2.5503149032592773,7.776001930236816
3330,7.827761173248291,0.24371278285980225,15.168096542358398,0.0002327141415837679,128.64065551757812,0.0,0.5,60.73693084716797,42.94355773925781,1.5277384519577026,2.514436721801758,2.2537739276885986,7.802182197570801
3335,7.921013355255127,0.2555357813835144,15.330955505371094,0.00023225498922083121,46.81615447998047,0.0,0.5,59.208518981933594,42.42572021484375,1.6804251670837402,2.2629168033599854,2.1996936798095703,6.988062858581543
3340,7.867129802703857,0.26867592334747314,15.196907997131348,0.0002317947997027624,159.88380432128906,0.0,0.5,59.7296142578125,41.042945861816406,1.572772741317749,2.378824234008789,2.1556308269500732,7.34145450592041
3345,7.917591094970703,0.26870131492614746,15.297779083251953,0.0002313335801262531,40.899993896484375,0.0,0.5,54.975276947021484,36.399078369140625,1.5571208000183105,2.328334093093872,1.991564154624939,7.132170677185059
3350,7.932640075683594,0.2489936500787735,15.367292404174805,0.0002308713376038797,99.19225311279297,0.0,0.5,63.525272369384766,42.11919021606445,1.7684156894683838,2.5310046672821045,2.3499538898468018,7.982072830200195
3355,7.951303958892822,0.25794658064842224,15.386714935302734,0.0002304080792639937,58.68196105957031,0.0,0.5,61.37428283691406,42.46565628051758,1.6199605464935303,2.246715545654297,2.2052483558654785,8.083673477172852
3360,8.079140663146973,0.3548913598060608,15.448497772216797,0.0002299438122506118,110.52481842041016,0.0,0.5,79.47066497802734,53.6093635559082,2.428679943084717,3.021986484527588,3.0040340423583984,8.403149604797363
3365,8.164653778076172,0.42073899507522583,15.487829208374023,0.00022947854372330572,170.8179473876953,0.0,0.5,74.15046691894531,50.41054153442383,1.8891034126281738,2.641298294067383,2.7563323974609375,7.869827747344971
3370,7.984223365783691,0.28336113691329956,15.401724815368652,0.00022901228085709166,127.10205841064453,0.0,0.5,65.08208465576172,44.0031852722168,1.6631672382354736,2.573162317276001,2.3829541206359863,8.855525016784668
3375,8.026911735534668,0.3724246323108673,15.30897331237793,0.00022854503084231986,74.62580108642578,0.0,0.5,76.05598449707031,50.529930114746094,2.2510464191436768,2.9556496143341064,2.776019334793091,8.354270935058594
3380,7.944164276123047,0.31839868426322937,15.251531600952148,0.0002280768008845635,62.51704025268555,0.0,0.5,64.1660385131836,43.56837463378906,1.740287184715271,2.3363800048828125,2.391421318054199,7.800632476806641
3385,7.9829511642456055,0.30430737137794495,15.357287406921387,0.00022760759820450785,71.68092346191406,0.0,0.5,68.43745422363281,48.58631896972656,1.8051953315734863,2.3288471698760986,2.5369982719421387,7.854675769805908
3390,7.891237735748291,0.28625425696372986,15.209966659545898,0.00022713743003783854,28.063411712646484,0.0,0.5,62.99894714355469,43.64337158203125,1.9825295209884644,2.627012252807617,2.385993242263794,6.985745429992676
3395,7.980103492736816,0.28058961033821106,15.399027824401855,0.0002266663036351304,68.9405517578125,0.0,0.5,61.50950241088867,44.40184783935547,1.6476929187774658,2.443218469619751,2.3653292655944824,8.752745628356934
3400,7.921039581298828,0.3014697730541229,15.239139556884766,0.00022619422626173538,77.50987243652344,0.0,0.5,70.64949035644531,48.52436828613281,1.6502304077148438,2.652130365371704,2.638218402862549,8.558062553405762
3405,7.9219465255737305,0.3425772488117218,15.158738136291504,0.00022572120519767056,41.329471588134766,0.0,0.5,64.71681213378906,44.51900863647461,1.6745280027389526,2.448410749435425,2.343566417694092,7.044552803039551
3410,7.9190287590026855,0.318939208984375,15.200179100036621,0.00022524724773750586,43.986297607421875,0.0,0.5,71.431396484375,49.708587646484375,1.6776316165924072,2.358393430709839,2.6460275650024414,7.981966972351074
3415,7.99912691116333,0.3419681191444397,15.31431770324707,0.00022477236119025168,87.7965316772461,0.0,0.5,64.228515625,43.5042839050293,1.7711551189422607,2.434197425842285,2.355487823486328,8.118775367736816
3420,8.029231071472168,0.35340723395347595,15.351648330688477,0.00022429655287924602,95.59230041503906,0.0,0.5,62.08594512939453,44.344886779785156,1.7604484558105469,2.531287670135498,2.320457935333252,8.899367332458496
3425,7.960752487182617,0.3008677065372467,15.319769859313965,0.00022381983014204163,60.977596282958984,0.0,0.5,73.23332977294922,51.575347900390625,1.957872748374939,2.49544358253479,2.7575507164001465,8.472185134887695
3430,7.810521602630615,0.19734162092208862,15.226360321044922,0.00022334220033029287,54.887420654296875,0.0,0.5,55.05905532836914,39.52787780761719,1.6118289232254028,2.2992372512817383,2.0941901206970215,7.472726821899414
3435,7.863314628601074,0.2885361313819885,15.149557113647461,0.0002228636708096423,79.60590362548828,0.0,0.5,67.80638885498047,47.787391662597656,1.8625683784484863,2.545930862426758,2.5287303924560547,6.829250335693359
3440,8.015830039978027,0.27213701605796814,15.487386703491211,0.00022238424895960706,111.23313903808594,0.0,0.5,66.45439147949219,47.20597839355469,1.5473244190216064,2.33471417427063,2.5406527519226074,7.847966194152832
3445,7.925687789916992,0.2783317267894745,15.29471206665039,0.00022190394217346522,24.977148056030273,0.0,0.5,64.51872253417969,44.78839111328125,1.6623077392578125,2.539595127105713,2.4289896488189697,8.093121528625488
3450,8.032302856445312,0.32900241017341614,15.406600952148438,0.00022142275785814146,91.69549560546875,0.0,0.5,69.07090759277344,48.27099609375,1.7677127122879028,2.380298376083374,2.5498313903808594,8.637344360351562
3455,7.9094929695129395,0.27397987246513367,15.271026611328125,0.00022094070343409335,70.74192810058594,0.0,0.5,61.36152648925781,41.57572937011719,1.6805469989776611,2.3797504901885986,2.278193712234497,7.626781940460205
3460,7.951257228851318,0.296292781829834,15.309928894042969,0.00022045778633519628,67.78651428222656,0.0,0.5,62.197689056396484,41.55826950073242,1.6311891078948975,2.458144426345825,2.2783546447753906,7.626875877380371
3465,7.839950084686279,0.22709207236766815,15.225715637207031,0.00021997401400862944,60.449256896972656,0.0,0.5,58.27012252807617,38.308067321777344,1.6974883079528809,2.556419849395752,2.0991296768188477,6.926669120788574
3470,7.863120079040527,0.22462622821331024,15.27698802947998,0.00021948939391476041,72.9234848022461,0.0,0.5,62.299781799316406,43.083194732666016,1.9100757837295532,2.454939126968384,2.388669967651367,8.426236152648926
3475,7.954725742340088,0.2800924479961395,15.34926700592041,0.0002190039335270307,51.86499786376953,0.0,0.5,62.169227600097656,44.67076873779297,1.6064047813415527,2.276726722717285,2.280500888824463,8.684510231018066
3480,7.981137275695801,0.3121042847633362,15.338066101074219,0.00021851764033183996,88.72723388671875,0.0,0.5,61.76587677001953,42.66051483154297,1.7414889335632324,2.367802619934082,2.3843884468078613,7.895877361297607
3485,7.9453206062316895,0.2776409387588501,15.335359573364258,0.00021803052182843083,38.032493591308594,0.0,0.5,64.53047180175781,46.12404251098633,1.6309199333190918,2.2919914722442627,2.4866943359375,8.332437515258789
3490,8.052952766418457,0.35110002756118774,15.403705596923828,0.00021754258552877324,120.95858001708984,0.0,0.5,66.41188049316406,48.812442779541016,1.8422520160675049,2.457057476043701,2.5723838806152344,7.047112464904785
3495,7.9358930587768555,0.2634306252002716,15.344924926757812,0.0002170538389574485,117.50532531738281,0.0,0.5,81.15756225585938,57.063392639160156,2.0745127201080322,2.5693979263305664,3.047089099884033,10.048555374145508
3500,7.9984612464904785,0.3187312185764313,15.35945987701416,0.00021656428965153337,94.92353057861328,0.0,0.5,75.15054321289062,50.66852569580078,1.833266258239746,2.6937973499298096,2.758540630340576,7.298712730407715
3505,7.98301887512207,0.3112632632255554,15.343511581420898,0.00021607394516048382,94.83666229248047,0.0,0.5,60.790626525878906,42.80181121826172,1.6820638179779053,2.31886887550354,2.2824482917785645,8.050668716430664
3510,7.910236835479736,0.2768760025501251,15.266721725463867,0.0002155828130460184,47.76743698120117,0.0,0.5,69.36752319335938,46.88904571533203,1.8204058408737183,2.3941476345062256,2.564931869506836,7.823742866516113
3515,7.889530181884766,0.2599927484989166,15.259075164794922,0.00021509090088200187,69.90017700195312,0.0,0.5,55.56633758544922,36.9242057800293,1.9063186645507812,2.476901054382324,2.0688648223876953,7.474309921264648
3520,7.915708065032959,0.2476775050163269,15.336061477661133,0.00021459821625432836,88.32431030273438,0.0,0.5,73.03455352783203,51.03691864013672,1.8265156745910645,2.5987839698791504,2.649116039276123,9.677549362182617
3525,7.958400726318359,0.29814594984054565,15.320509910583496,0.00021410476676080427,95.88410949707031,0.0,0.5,69.9493408203125,47.116676330566406,1.7735675573349,2.424656867980957,2.626847743988037,7.866240501403809
3530,7.9058637619018555,0.3214767277240753,15.168773651123047,0.0002136105600110313,55.919342041015625,0.0,0.5,60.38761901855469,42.65932083129883,1.7380279302597046,2.312079429626465,2.2237801551818848,7.4650068283081055
3535,7.868895530700684,0.24088218808174133,15.256026268005371,0.0002131156036262888,92.73446655273438,0.0,0.5,63.766178131103516,44.726192474365234,1.459484338760376,2.1856584548950195,2.3317432403564453,8.25711727142334
3540,7.921685695648193,0.24811792373657227,15.347135543823242,0.0002126199052394166,70.4037094116211,0.0,0.5,66.99612426757812,46.42975997924805,1.577296257019043,2.1931965351104736,2.490389347076416,8.34057331085205
3545,7.869001388549805,0.2645266056060791,15.20895004272461,0.00021212347249469692,69.18067169189453,0.0,0.5,62.88853454589844,44.94324493408203,1.671398639678955,2.4954378604888916,2.418750286102295,7.6478166580200195
3550,7.886044979095459,0.2351471185684204,15.301795959472656,0.0002116263130477369,55.24299621582031,0.0,0.5,61.447052001953125,41.51551055908203,1.6958236694335938,2.4791226387023926,2.3166303634643555,7.920339107513428
3555,8.025789260864258,0.2774176597595215,15.496744155883789,0.0002111284345653502,143.57952880859375,0.0,0.5,69.94295501708984,47.61643600463867,1.6915022134780884,2.390615463256836,2.5315656661987305,7.969483852386475
3560,7.978209018707275,0.24816659092903137,15.460084915161133,0.00021062984472543892,20.906137466430664,0.0,0.5,71.54670715332031,48.87046813964844,1.6632192134857178,2.5448155403137207,2.6296935081481934,9.309713363647461
3565,7.8989763259887695,0.21323706209659576,15.371478080749512,0.0002101305512168752,141.9095916748047,0.0,0.5,57.5001335144043,39.92951202392578,1.8654437065124512,2.3530004024505615,2.1896581649780273,7.655982971191406
3570,7.8698530197143555,0.2582663297653198,15.223173141479492,0.00020963056173938253,102.20711517333984,0.0,0.5,69.81486511230469,46.31328582763672,1.8205633163452148,2.339630603790283,2.588298797607422,8.282796859741211
3575,7.946854591369629,0.3424473702907562,15.20881462097168,0.00020912988400341724,279.3695068359375,0.0,0.5,69.1856918334961,46.86972427368164,2.181032657623291,2.704737663269043,2.5591273307800293,8.229804992675781
3580,8.310664176940918,0.5603878498077393,15.500553131103516,0.0002086285257300493,158.08578491210938,0.0,0.5,71.87904357910156,47.54405212402344,1.9380751848220825,2.5403146743774414,2.6350133419036865,7.496298789978027
3585,8.059680938720703,0.3344968259334564,15.450368881225586,0.00020812649465084358,113.99281311035156,0.0,0.5,70.0853042602539,47.9437255859375,1.8810760974884033,2.5095386505126953,2.6537184715270996,7.4779157638549805
3590,8.015863418579102,0.3327006697654724,15.366325378417969,0.00020762379850774036,123.63335418701172,0.0,0.5,75.2098159790039,50.86379623413086,1.9688044786453247,2.633467674255371,2.7575955390930176,8.145235061645508
3595,8.100594520568848,0.2718049883842468,15.65757942199707,0.00020712044505293597,202.4496612548828,0.0,0.5,71.02085876464844,49.31107711791992,1.6373569965362549,2.3829703330993652,2.65816068649292,8.735525131225586
3599,7.992249965667725,0.3023780286312103,15.379743576049805,0.00020671729424061788,0.0,19.96791648864746,0.5,71.02085876464844,49.31107711791992,1.6373569965362549,2.3829703330993652,2.65816068649292,8.735525131225586
3600,8.015250205993652,0.2819872200489044,15.46652603149414,0.00020661644204876344,139.281982421875,0.0,0.5,62.335105895996094,43.02729797363281,1.7070457935333252,2.4532089233398438,2.3438076972961426,7.565415382385254
3605,7.882335186004639,0.22187954187393188,15.320911407470703,0.0002061117972675725,97.14994049072266,0.0,0.5,56.04529571533203,41.50609588623047,1.6797614097595215,2.3267362117767334,2.11224102973938,8.3237886428833
3610,7.928665637969971,0.25227221846580505,15.352787017822266,0.00020560651849160997,46.56021499633789,0.0,0.5,59.4734992980957,41.566871643066406,1.6523957252502441,2.4756698608398438,2.2070419788360596,7.607132434844971
3615,7.9061784744262695,0.26093950867652893,15.290477752685547,0.00020510061351289966,145.38577270507812,0.0,0.5,63.51953887939453,45.306129455566406,1.6739163398742676,2.4250965118408203,2.3660709857940674,7.38701057434082
3620,7.895827293395996,0.2623193562030792,15.26701545715332,0.0002045940901331222,16.794038772583008,0.0,0.5,61.59630584716797,42.79898452758789,1.5795586109161377,2.313868522644043,2.3031349182128906,8.094968795776367
3625,7.880829811096191,0.2661625146865845,15.229334831237793,0.00020408695616349468,42.662540435791016,0.0,0.5,75.23604583740234,49.85597229003906,2.1421847343444824,2.7109217643737793,2.756531000137329,7.362652778625488
3630,7.925086498260498,0.31750038266181946,15.215171813964844,0.0002035792194246502,138.90171813964844,0.0,0.5,56.716819763183594,39.25579071044922,1.581749677658081,2.2840752601623535,2.1252195835113525,7.870274066925049
3635,7.973211288452148,0.29025569558143616,15.365911483764648,0.00020307088774651743,68.54531860351562,0.0,0.5,70.15249633789062,46.794010162353516,1.807726502418518,2.675304889678955,2.585901975631714,7.841306686401367
3640,7.9074177742004395,0.21566864848136902,15.383498191833496,0.0002025619689681997,68.33074188232422,0.0,0.5,62.164676666259766,42.62505340576172,1.669290542602539,2.505221366882324,2.3044865131378174,7.30406379699707
3645,7.905196189880371,0.25504037737846375,15.300312042236328,0.00020205247093785415,56.86466598510742,0.0,0.5,60.536048889160156,40.26792526245117,1.614758014678955,2.4297966957092285,2.211606025695801,6.913081169128418
3650,7.847108840942383,0.27821803092956543,15.137781143188477,0.00020154240151257064,59.048728942871094,0.0,0.5,60.45379638671875,42.502525329589844,1.596999168395996,2.3416640758514404,2.2626752853393555,7.6814117431640625
3655,7.867021560668945,0.21633006632328033,15.301383018493652,0.00020103176855825069,117.26822662353516,0.0,0.5,55.496177673339844,37.697723388671875,1.7443009614944458,2.2975144386291504,2.0737836360931396,7.544952392578125
3660,7.958836555480957,0.3546522855758667,15.208368301391602,0.00020052057994948612,13.910445213317871,0.0,0.5,65.350830078125,46.79939651489258,1.812587022781372,2.370469808578491,2.5070815086364746,7.890177249908447
3665,7.913983345031738,0.2692367136478424,15.289493560791016,0.00020000884356943772,138.25474548339844,0.0,0.5,65.8578872680664,43.17087936401367,1.791966199874878,2.672154426574707,2.3490192890167236,7.636319637298584
3670,7.843086242675781,0.2988416254520416,15.088489532470703,0.0001994965673097135,35.05209732055664,0.0,0.5,56.335296630859375,37.81396484375,1.5550200939178467,2.2997965812683105,2.056183099746704,7.882105827331543
3675,8.022139549255371,0.3205869495868683,15.403104782104492,0.00019898375907024705,118.79609680175781,0.0,0.5,71.530029296875,48.07817840576172,1.88544762134552,2.6030681133270264,2.648895740509033,7.850956439971924
3680,7.943761348724365,0.2787366509437561,15.330049514770508,0.0001984704267591759,52.193763732910156,0.0,0.5,61.550926208496094,41.67872619628906,1.8190985918045044,2.394193649291992,2.331319808959961,9.098094940185547
3685,7.92967414855957,0.30113673210144043,15.257074356079102,0.00019795657829271916,59.15105056762695,0.0,0.5,56.65785217285156,38.24618148803711,1.4304167032241821,2.0816657543182373,1.9970895051956177,6.820732593536377
3690,8.023202896118164,0.3346154987812042,15.377175331115723,0.00019744222159505596,142.85894775390625,0.0,0.5,61.75394058227539,42.25126647949219,1.696486473083496,2.4621500968933105,2.3306703567504883,8.092205047607422
3695,7.869072437286377,0.21836452186107635,15.30141544342041,0.00019692736459820282,48.10310363769531,0.0,0.5,57.71026611328125,38.88228225708008,1.6034067869186401,2.1237070560455322,2.1558260917663574,6.842320442199707
3700,7.869805812835693,0.24519701302051544,15.249217987060547,0.00019641201524189155,147.40415954589844,0.0,0.5,61.64033508300781,42.40952682495117,1.7707916498184204,2.3957486152648926,2.2340221405029297,8.364124298095703
3705,8.006973266601562,0.3059958815574646,15.401954650878906,0.00019589618147344674,255.12960815429688,0.0,0.5,69.4248046875,46.64801788330078,2.0600502490997314,2.7274930477142334,2.634273052215576,8.119065284729004
3710,7.928558349609375,0.26152047514915466,15.334075927734375,0.00019537987124766318,212.28775024414062,0.0,0.5,60.268890380859375,41.85878372192383,1.6891365051269531,2.370584011077881,2.2324767112731934,8.597376823425293
3715,7.898419380187988,0.2728481590747833,15.251142501831055,0.00019486309252668332,68.39842987060547,0.0,0.5,60.22179412841797,41.88201141357422,1.7216250896453857,2.3858296871185303,2.2605061531066895,7.757561683654785
3720,7.923666954040527,0.2657220661640167,15.315889358520508,0.0001943458532798743,54.013126373291016,0.0,0.5,61.482364654541016,40.85350036621094,1.619998812675476,2.332273483276367,2.274827003479004,7.448057174682617
3725,7.984396934509277,0.31327053904533386,15.342252731323242,0.00019382816148370518,142.7793731689453,0.0,0.5,67.30137634277344,45.263580322265625,1.8527984619140625,2.4819910526275635,2.5541293621063232,7.234463691711426
3730,7.899211406707764,0.26845940947532654,15.261504173278809,0.00019331002512162383,89.3482666015625,0.0,0.5,66.62203979492188,45.59150695800781,1.8589510917663574,2.545393466949463,2.44663143157959,8.048911094665527
3735,7.839959144592285,0.2661137580871582,15.147690773010254,0.00019279145218393395,174.16453552246094,0.0,0.5,60.68482971191406,41.51068115234375,1.8093193769454956,2.4852659702301025,2.157660961151123,8.103840827941895
3740,8.009535789489746,0.2918485701084137,15.43537425994873,0.0001922724506676717,35.25739669799805,0.0,0.5,68.66028594970703,47.81236267089844,1.6610021591186523,2.4577646255493164,2.606649398803711,8.286060333251953
3745,7.949729919433594,0.30493831634521484,15.289583206176758,0.0001917530285764826,110.64981842041016,0.0,0.5,63.49799346923828,45.87113952636719,1.6849287748336792,2.228825807571411,2.408362627029419,7.469561576843262
3750,7.8592634201049805,0.23931993544101715,15.239887237548828,0.00019123319392049773,158.34671020507812,0.0,0.5,55.838279724121094,40.75957489013672,1.623694896697998,2.368325710296631,2.0948426723480225,8.047789573669434
3755,7.866610527038574,0.26098552346229553,15.211250305175781,0.00019071295471621063,48.85773468017578,0.0,0.5,62.46648025512695,43.74388885498047,1.7539368867874146,2.511082172393799,2.390669822692871,8.240667343139648
3760,7.963347911834717,0.273313969373703,15.380067825317383,0.00019019231898635333,38.78689956665039,0.0,0.5,62.941978454589844,43.49464797973633,1.6756240129470825,2.548367500305176,2.3910083770751953,7.35360050201416
3765,7.939962863922119,0.30647629499435425,15.266973495483398,0.0001896712947597729,76.83432006835938,0.0,0.5,69.76670837402344,48.54499435424805,1.7764902114868164,2.3809781074523926,2.5528364181518555,7.914304256439209
3770,8.081025123596191,0.38852015137672424,15.385009765625,0.0001891498900713074,264.7122802734375,0.0,0.5,71.43582153320312,48.138851165771484,1.935300350189209,2.667081594467163,2.616126537322998,7.716681957244873
3775,7.945590019226074,0.293758362531662,15.30366325378418,0.00018862811296166225,93.80585479736328,0.0,0.5,59.4174690246582,43.651817321777344,1.6433358192443848,2.3762459754943848,2.2353219985961914,8.814849853515625
3780,7.903748035430908,0.2599010765552521,15.287693977355957,0.00018810597147728578,73.16996002197266,0.0,0.5,70.42657470703125,49.932586669921875,2.089963436126709,2.593728542327881,2.677124500274658,7.258772373199463
3785,7.8713765144348145,0.29600438475608826,15.150744438171387,0.00018758347367024575,69.80113983154297,0.0,0.5,66.33834838867188,45.5892333984375,1.8760833740234375,2.434145450592041,2.460791826248169,9.38191032409668
3790,7.874056339263916,0.25927338004112244,15.229565620422363,0.00018706062759810463,106.88085174560547,0.0,0.5,60.12814712524414,42.6883544921875,1.8380231857299805,2.3662209510803223,2.227083206176758,7.787201881408691
3795,8.041824340820312,0.3402039110660553,15.403240203857422,0.0001865374413237956,36.6949348449707,0.0,0.5,75.24057006835938,50.543739318847656,1.812849760055542,2.590388298034668,2.807264566421509,7.389804840087891
3800,7.890978813171387,0.2681806683540344,15.245595932006836,0.00018601392291549835,74.5512466430664,0.0,0.5,56.797760009765625,38.175392150878906,1.5205706357955933,2.3401174545288086,2.069638252258301,7.56422233581543
3805,7.864048480987549,0.22615258395671844,15.275792121887207,0.00018549008044651424,80.30941772460938,0.0,0.5,63.33915710449219,43.70068359375,1.6407787799835205,2.3846993446350098,2.3668863773345947,8.667560577392578
3810,7.945008754730225,0.3332807123661041,15.223456382751465,0.00018496592199514225,83.61106872558594,0.0,0.5,58.62004852294922,40.61849594116211,1.838761329650879,2.5193397998809814,2.216543674468994,6.980935096740723
3815,7.842009544372559,0.21833586692810059,15.247347831726074,0.00018444145564455402,168.95126342773438,0.0,0.5,50.96845245361328,33.53019714355469,1.5721912384033203,2.3431971073150635,1.9235916137695312,7.259804725646973
3820,7.955986022949219,0.2919027507305145,15.328166961669922,0.00018391668948266959,127.34635925292969,0.0,0.5,62.465702056884766,42.08882141113281,1.8147127628326416,2.4178006649017334,2.2877533435821533,7.933544635772705
3825,7.887967586517334,0.26543718576431274,15.245060920715332,0.00018339163160203218,46.75646209716797,0.0,0.5,63.31121826171875,43.280601501464844,1.6414730548858643,2.338684320449829,2.3852474689483643,8.299627304077148
3830,7.961765766143799,0.34595727920532227,15.231616973876953,0.00018286629009968403,236.3895721435547,0.0,0.5,68.36248779296875,47.8983154296875,1.9965277910232544,2.6421585083007812,2.5568952560424805,7.367919921875
3835,7.8978118896484375,0.25664621591567993,15.282331466674805,0.00018234067307704087,72.59154510498047,0.0,0.5,63.306793212890625,43.442054748535156,1.724519968032837,2.447096347808838,2.3656959533691406,8.506547927856445
3840,7.9585652351379395,0.3019794821739197,15.31317138671875,0.0001818147886397674,47.871971130371094,0.0,0.5,65.69686889648438,46.93769836425781,1.7376326322555542,2.503964424133301,2.5114383697509766,6.994837760925293
3845,7.910061836242676,0.29531389474868774,15.229496002197266,0.00018128864489765228,81.5765609741211,0.0,0.5,61.26285934448242,42.111671447753906,1.731842041015625,2.3463425636291504,2.3429715633392334,7.505786895751953
3850,7.859120845794678,0.2332972139120102,15.251646995544434,0.00018076224996448276,62.033077239990234,0.0,0.5,56.45160675048828,38.66719055175781,1.5895447731018066,2.228036880493164,2.0955092906951904,7.696484088897705
3855,8.017685890197754,0.2518683671951294,15.531635284423828,0.00018023561195792,305.8509826660156,0.0,0.5,71.47144317626953,51.49085998535156,1.7292768955230713,2.352296829223633,2.7871556282043457,8.267919540405273
3860,7.873664379119873,0.24354901909828186,15.260231018066406,0.00017970873899937352,60.037574768066406,0.0,0.5,59.87171936035156,41.80095672607422,1.7049498558044434,2.4194843769073486,2.273834705352783,7.707529067993164
3865,7.866332054138184,0.23875068128108978,15.255163192749023,0.00017918163921387608,152.37435913085938,0.0,0.5,56.06354522705078,38.6324348449707,1.551727533340454,2.339979648590088,2.088024139404297,7.262998580932617
3870,8.01793098449707,0.37348243594169617,15.288897514343262,0.0001786543207299584,221.40013122558594,0.0,0.5,59.630775451660156,41.4026985168457,1.764371633529663,2.51231050491333,2.2981159687042236,7.284748077392578
3875,7.8692402839660645,0.25907132029533386,15.220337867736816,0.0001781267916795239,77.75797271728516,0.0,0.5,66.41310119628906,45.220069885253906,1.6517119407653809,2.5501041412353516,2.496954917907715,8.375951766967773
3880,7.882872104644775,0.3374033272266388,15.090937614440918,0.00017759906019772307,56.80650329589844,0.0,0.5,63.1389274597168,43.88146209716797,1.8786680698394775,2.561927318572998,2.389406204223633,8.027698516845703
3885,7.864178657531738,0.30575862526893616,15.116840362548828,0.0001770711344228282,237.10610961914062,0.0,0.5,61.89557647705078,44.44636535644531,1.6076083183288574,2.4035983085632324,2.3016748428344727,8.605072021484375
3890,7.856888771057129,0.33139777183532715,15.050981521606445,0.00017654302249610788,18.419519424438477,0.0,0.5,54.70342254638672,38.266441345214844,1.6833579540252686,2.450512647628784,2.021437168121338,7.420248031616211
3895,8.130070686340332,0.2994064688682556,15.66132926940918,0.00017601473256170127,249.32131958007812,0.0,0.5,76.57878112792969,54.192626953125,1.6756982803344727,2.535707473754883,2.8532662391662598,8.917509078979492
3900,8.007440567016602,0.35881972312927246,15.2972412109375,0.00017548627276649264,63.39813232421875,0.0,0.5,64.8519515991211,43.93497085571289,1.8113106489181519,2.412896156311035,2.449838161468506,8.415825843811035
3905,7.923620700836182,0.2788318693637848,15.28957748413086,0.00017495765125998583,90.9516830444336,0.0,0.5,63.63344955444336,44.614158630371094,1.820033311843872,2.3770647048950195,2.3750576972961426,8.65880012512207
3910,7.942272186279297,0.33836373686790466,15.207817077636719,0.00017442887619417837,111.5348129272461,0.0,0.5,63.458736419677734,40.83882141113281,1.6469693183898926,2.3927950859069824,2.363913059234619,8.004528999328613
3915,7.949594974517822,0.31115880608558655,15.276872634887695,0.00017389995572343598,68.59178924560547,0.0,0.5,68.84552764892578,46.77729797363281,1.6619715690612793,2.3458120822906494,2.5049843788146973,7.327403545379639
3920,7.926753044128418,0.24675361812114716,15.35999870300293,0.0001733708980043666,57.39847183227539,0.0,0.5,63.09183883666992,42.91960144042969,1.7882626056671143,2.5266692638397217,2.3420443534851074,7.559793949127197
3925,7.92802619934082,0.2656152546405792,15.324821472167969,0.0001728417111956946,78.67799377441406,0.0,0.5,58.812538146972656,39.92265319824219,1.6232901811599731,2.208940029144287,2.1885781288146973,7.204451560974121
3930,7.882434368133545,0.3280138075351715,15.108840942382812,0.00017231240345813532,110.73664855957031,0.0,0.5,58.92699432373047,41.03153610229492,1.6172311305999756,2.2718863487243652,2.234078884124756,7.778592109680176
3935,8.068254470825195,0.39154744148254395,15.353414535522461,0.00017178298295426886,196.90560913085938,0.0,0.5,78.4725341796875,56.1202392578125,1.864637851715088,2.5587658882141113,2.965212345123291,9.090351104736328
3940,7.972813606262207,0.2966548800468445,15.352317810058594,0.0001712534578484143,71.16786193847656,0.0,0.5,75.53573608398438,53.02568817138672,2.0678515434265137,2.71412992477417,2.862464666366577,8.209823608398438
3945,7.982052326202393,0.312715619802475,15.33867359161377,0.00017072383630650385,183.77145385742188,0.0,0.5,72.8648452758789,50.38357162475586,1.7568480968475342,2.511986494064331,2.6919314861297607,8.961750030517578
3950,8.053893089294434,0.3447636365890503,15.418258666992188,0.00017019412649595678,313.1530456542969,0.0,0.5,74.21865844726562,48.64019012451172,1.7438106536865234,2.521002769470215,2.7446603775024414,7.879046440124512
3955,7.9091620445251465,0.2939850091934204,15.230354309082031,0.00016966433658555376,54.4732780456543,0.0,0.5,65.55825805664062,45.29656219482422,1.723813772201538,2.395611047744751,2.41798996925354,7.443941116333008
3960,7.881739616394043,0.2539950907230377,15.255489349365234,0.00016913447474531046,63.58934783935547,0.0,0.5,62.086875915527344,39.07836151123047,1.6546623706817627,2.2242231369018555,2.20882248878479,8.434590339660645
3965,7.971514701843262,0.3550197184085846,15.232990264892578,0.00016860454914635205,83.08617401123047,0.0,0.5,66.11076354980469,45.16215515136719,1.6328803300857544,2.6324000358581543,2.465200424194336,6.9186601638793945
3970,7.966033458709717,0.3606886565685272,15.210689544677734,0.00016807456796078674,69.22763061523438,0.0,0.5,65.8043212890625,44.626319885253906,1.748366117477417,2.5016770362854004,2.447627305984497,7.637214660644531
3975,7.857701778411865,0.22890038788318634,15.25760269165039,0.00016754453936158008,113.0367431640625,0.0,0.5,55.99517822265625,37.30900192260742,1.512089490890503,2.136789560317993,2.0482211112976074,7.81604528427124
3980,7.98267126083374,0.3116510212421417,15.342040061950684,0.00016701447152242874,165.3466339111328,0.0,0.5,66.45152282714844,44.028114318847656,1.9679046869277954,2.5576417446136475,2.5344338417053223,7.609599590301514
3985,8.022665977478027,0.26224106550216675,15.52085018157959,0.00016648437261763445,120.82916259765625,0.0,0.5,68.16111755371094,46.28848648071289,1.8553905487060547,2.43070650100708,2.480541706085205,9.055025100708008
3990,7.948347568511963,0.29288604855537415,15.310922622680664,0.00016595425082197815,27.675079345703125,0.0,0.5,73.32109069824219,50.811927795410156,2.0408573150634766,2.7918615341186523,2.7936811447143555,7.554811477661133
3995,7.979698181152344,0.3516758382320404,15.256044387817383,0.0001654241143105937,78.45284271240234,0.0,0.5,55.534934997558594,39.783172607421875,1.4627197980880737,2.1315011978149414,2.0848963260650635,8.232463836669922
3999,8.09228515625,0.3180585205554962,15.548452377319336,0.00016499999999999997,0.0,19.876745223999023,0.5,55.534934997558594,39.783172607421875,1.4627197980880737,2.1315011978149414,2.0848963260650635,8.232463836669922
4000,7.96418571472168,0.2679746747016907,15.39242172241211,0.00016489397125884196,118.29690551757812,0.0,0.5,64.24983215332031,44.859134674072266,1.7846510410308838,2.3718748092651367,2.41581392288208,8.284100532531738
4005,7.946830749511719,0.3287317156791687,15.236198425292969,0.00016436382984218458,185.14703369140625,0.0,0.5,66.75747680664062,45.799129486083984,1.988506555557251,2.673874616622925,2.5086212158203125,7.556694984436035
4010,7.860541820526123,0.2625012993812561,15.196081161499023,0.000163833698236058,333.15338134765625,0.0,0.5,55.86238479614258,38.67396545410156,1.7414560317993164,2.4326062202453613,2.0970089435577393,7.928561687469482
4015,7.825263023376465,0.2758616507053375,15.09880256652832,0.00016330358461574736,68.72931671142578,0.0,0.5,63.858848571777344,44.326927185058594,1.6574804782867432,2.458430290222168,2.347278118133545,7.508371829986572
4020,7.9318437576293945,0.2731465995311737,15.317394256591797,0.00016277349715626056,113.40454864501953,0.0,0.5,68.92349243164062,47.14434051513672,1.9764819145202637,2.5890307426452637,2.5717616081237793,8.239423751831055
4025,7.908871173858643,0.303875595331192,15.209991455078125,0.00016224344403220192,50.11900329589844,0.0,0.5,64.64192199707031,45.59712600708008,1.6256930828094482,2.450160026550293,2.4017910957336426,8.553192138671875
4030,8.023597717285156,0.30679771304130554,15.433600425720215,0.00016171343341764632,42.63062286376953,0.0,0.5,74.69105529785156,52.63096237182617,1.89264976978302,2.4527485370635986,2.814875602722168,8.082693099975586
4035,7.955710411071777,0.2643592059612274,15.382702827453613,0.00016118347348601308,100.89884948730469,0.0,0.5,66.00274658203125,45.71000289916992,1.6997917890548706,2.464808464050293,2.500166416168213,7.878313064575195
4040,7.815048694610596,0.23204363882541656,15.166009902954102,0.00016065357240993997,71.52164459228516,0.0,0.5,52.2332878112793,36.92145919799805,1.5893949270248413,2.5720152854919434,1.9921189546585083,7.9344635009765625
4045,7.922983646392822,0.2798866629600525,15.28619384765625,0.0001601237383611571,169.6555633544922,0.0,0.5,62.364105224609375,42.051124572753906,1.8122347593307495,2.3475139141082764,2.2243447303771973,7.582000255584717
4050,7.91048002243042,0.2790202498435974,15.262919425964355,0.0001595939795103609,145.0980682373047,0.0,0.5,60.38079833984375,40.97233963012695,1.598313570022583,2.4204702377319336,2.2261481285095215,8.265860557556152
4055,7.952587604522705,0.24756471812725067,15.410045623779297,0.00015906430402708822,57.3603630065918,0.0,0.5,61.95112991333008,41.68138885498047,1.7080262899398804,2.303741455078125,2.2803196907043457,7.621942043304443
4060,7.9258880615234375,0.3179924488067627,15.215791702270508,0.00015853472007959027,54.656978607177734,0.0,0.5,64.07610321044922,44.03607940673828,1.8159265518188477,2.841440200805664,2.3955042362213135,8.113358497619629
4065,7.929849147796631,0.3018091022968292,15.25607967376709,0.0001580052358347066,345.77667236328125,0.0,0.5,70.68147277832031,50.98777770996094,1.7965625524520874,2.402292013168335,2.6940691471099854,8.053864479064941
4070,7.887242317199707,0.3199079930782318,15.134668350219727,0.00015747585945773926,59.43976974487305,0.0,0.5,62.166358947753906,43.36133575439453,1.9092845916748047,2.6277096271514893,2.3042640686035156,7.466135501861572
4075,7.964443206787109,0.3145626187324524,15.299760818481445,0.00015694659911232693,48.40453338623047,0.0,0.5,59.39229965209961,41.931861877441406,1.6013883352279663,2.3282814025878906,2.274895668029785,8.406577110290527
4080,7.864073753356934,0.26138755679130554,15.20537281036377,0.00015641746296031882,65.7892837524414,0.0,0.5,64.1160888671875,43.8387451171875,1.7194526195526123,2.38991379737854,2.4103684425354004,8.689596176147461
4085,7.922589302062988,0.3064310848712921,15.232316017150879,0.00015588845916164896,53.96098709106445,0.0,0.5,61.1512565612793,41.79588317871094,1.698681354522705,2.3075833320617676,2.2404897212982178,7.670584678649902
4090,7.840080261230469,0.26291918754577637,15.154321670532227,0.0001553595958742103,119.81448364257812,0.0,0.5,71.73633575439453,49.145774841308594,1.7872101068496704,2.589179039001465,2.632647752761841,7.158623695373535
4095,7.900653839111328,0.2781926989555359,15.244922637939453,0.00015483088125372904,71.33065032958984,0.0,0.5,54.34239196777344,38.01828384399414,1.5987625122070312,2.442335605621338,1.9792957305908203,8.238443374633789
4100,7.884984970092773,0.24189472198486328,15.28618049621582,0.00015430232345363867,82.7730941772461,0.0,0.5,59.0107421875,39.98326110839844,1.467775583267212,2.5066075325012207,2.1945815086364746,7.417220115661621
4105,7.835055828094482,0.2254190444946289,15.219273567199707,0.00015377393062495428,126.32332611083984,0.0,0.5,57.1347770690918,39.22087097167969,1.746727466583252,2.4673848152160645,2.2019946575164795,7.701794624328613
4110,7.866983413696289,0.2954079806804657,15.14315128326416,0.00015324571091614696,32.184410095214844,0.0,0.5,65.407470703125,46.69415283203125,1.88194739818573,2.418670177459717,2.4124598503112793,8.519021034240723
4115,7.788325786590576,0.22313836216926575,15.130374908447266,0.00015271767247301805,95.6756591796875,0.0,0.5,58.53646469116211,40.714073181152344,1.7305612564086914,2.3627705574035645,2.199472427368164,7.506932735443115
4120,8.009794235229492,0.3362445831298828,15.347099304199219,0.00015218982343857357,269.47406005859375,0.0,0.5,63.026084899902344,42.807861328125,1.8622068166732788,2.523240327835083,2.3680853843688965,7.713658809661865
4125,7.787670612335205,0.2504981756210327,15.074344635009766,0.00015166217195289861,41.91297912597656,0.0,0.5,53.50715255737305,37.335418701171875,1.5218000411987305,2.187182903289795,1.9529948234558105,8.177437782287598
4130,7.804482460021973,0.24411015212535858,15.120744705200195,0.0001511347261530318,59.57963180541992,0.0,0.5,62.603126525878906,43.49139404296875,1.680955410003662,2.4626874923706055,2.340959072113037,7.879692077636719
4135,7.905202388763428,0.2497662752866745,15.310872077941895,0.00015060749417283989,231.06101989746094,0.0,0.5,56.817604064941406,40.114173889160156,1.8296358585357666,2.3073012828826904,2.099304676055908,7.84370231628418
4140,7.941401958465576,0.3380207419395447,15.206762313842773,0.00015008048414289223,82.48666381835938,0.0,0.5,64.65827941894531,43.04112243652344,1.800262451171875,2.583000898361206,2.322493076324463,7.746371269226074
4145,7.896594524383545,0.2379383146762848,15.317312240600586,0.00014955370419033535,179.61033630371094,0.0,0.5,54.98925018310547,38.098480224609375,1.603363037109375,2.303420066833496,2.0422964096069336,7.825450897216797
4150,7.980050563812256,0.27456405758857727,15.410972595214844,0.00014902716243876785,113.11717224121094,0.0,0.5,68.8471450805664,47.998802185058594,1.9413204193115234,2.6296439170837402,2.5394654273986816,9.609575271606445
4155,7.940216541290283,0.28792592883110046,15.304581642150879,0.0001485008670081149,42.99564743041992,0.0,0.5,72.4552001953125,48.65300369262695,1.9141368865966797,2.564807415008545,2.6489076614379883,7.922867774963379
4160,7.8795599937438965,0.2808738946914673,15.197372436523438,0.0001479748260145031,259.9674377441406,0.0,0.5,60.891910552978516,41.84739685058594,1.956601858139038,2.5661869049072266,2.3072829246520996,7.551822662353516
4165,8.025049209594727,0.30411702394485474,15.441864013671875,0.0001474490475701353,51.23706817626953,0.0,0.5,70.06741333007812,50.27354431152344,1.8832908868789673,2.6207430362701416,2.6877827644348145,9.330223083496094
4170,7.815700054168701,0.21651306748390198,15.198373794555664,0.0001469235397831655,46.930965423583984,0.0,0.5,58.418182373046875,40.9271240234375,1.6752324104309082,2.182643175125122,2.15710186958313,6.6851654052734375
4175,7.948324203491211,0.3607293367385864,15.175189971923828,0.00014639831075757387,117.1413345336914,0.0,0.5,59.326568603515625,40.817935943603516,1.7231900691986084,2.5662522315979004,2.1904428005218506,7.870100021362305
4180,7.8818817138671875,0.26034238934516907,15.243078231811523,0.00014587336859304175,25.208221435546875,0.0,0.5,60.076595306396484,42.203460693359375,1.6841636896133423,2.3825368881225586,2.2451157569885254,7.394304275512695
4185,7.843928813934326,0.31767234206199646,15.052513122558594,0.0001453487213848267,171.72512817382812,0.0,0.5,65.5946273803711,44.699317932128906,1.7210569381713867,2.303438663482666,2.451643466949463,7.541766166687012
4190,7.846144676208496,0.2648267149925232,15.162635803222656,0.00014482437722363768,100.68678283691406,0.0,0.5,64.85564422607422,43.832122802734375,1.6096049547195435,2.259401798248291,2.360591411590576,7.630798816680908
4195,7.870417594909668,0.299211323261261,15.142412185668945,0.00014430034419551032,60.98560333251953,0.0,0.5,65.15921020507812,44.691314697265625,1.6246826648712158,2.3722586631774902,2.3695335388183594,7.797845840454102
4200,7.876181602478027,0.2603212594985962,15.231720924377441,0.00014377663038168213,101.83555603027344,0.0,0.5,61.771949768066406,43.076560974121094,1.6796561479568481,2.3997929096221924,2.3068528175354004,8.143695831298828
4205,7.764655113220215,0.2758016586303711,14.977706909179688,0.000143253243858468,123.108154296875,0.0,0.5,48.777748107910156,35.34202194213867,1.5628468990325928,2.1635446548461914,1.8630714416503906,7.800288200378418
4210,7.824981689453125,0.2121148556470871,15.225733757019043,0.00014273019269713563,74.80992126464844,0.0,0.5,60.6102180480957,40.10472106933594,1.6534037590026855,2.4611635208129883,2.2086586952209473,6.784793853759766
4215,7.820147514343262,0.22724241018295288,15.185810089111328,0.0001422074849637809,270.29046630859375,0.0,0.5,57.325775146484375,39.480613708496094,1.6978514194488525,2.3609766960144043,2.16741681098938,7.861179351806641
4220,7.818758010864258,0.2887716591358185,15.059972763061523,0.00014168512871920376,57.50441360473633,0.0,0.5,58.02935791015625,40.31244659423828,1.6029424667358398,2.5735840797424316,2.220682144165039,7.524152755737305
4225,7.900886535644531,0.259929895401001,15.281912803649902,0.0001411631320187836,102.76653289794922,0.0,0.5,58.79541778564453,39.24530029296875,1.575439453125,2.3491601943969727,2.2003111839294434,7.270166397094727
4230,7.945639133453369,0.33387237787246704,15.223533630371094,0.00014064150291235529,123.10950469970703,0.0,0.5,62.06560134887695,42.21295166015625,1.657360315322876,2.2283806800842285,2.392245292663574,7.341281890869141
4235,7.907104015350342,0.30504539608955383,15.204116821289062,0.000140120249444085,66.59416198730469,0.0,0.5,59.003639221191406,40.525997161865234,1.6385266780853271,2.4383349418640137,2.1407980918884277,7.568437099456787
4240,7.897934436798096,0.27769073843955994,15.240487098693848,0.00013959937965234598,134.18870544433594,0.0,0.5,64.2294921875,46.31407928466797,1.550542950630188,2.2268528938293457,2.4794323444366455,7.84712028503418
4245,7.9243364334106445,0.31369102001190186,15.221290588378906,0.0001390789015695948,49.17756271362305,0.0,0.5,67.54627990722656,45.990821838378906,1.8717100620269775,2.6404976844787598,2.5145657062530518,7.729852676391602
4250,7.952421188354492,0.30698102712631226,15.29088020324707,0.00013855882322224734,81.22818756103516,0.0,0.5,65.84963989257812,47.131324768066406,1.7404029369354248,2.553164005279541,2.501094102859497,9.082195281982422
4255,7.814681053161621,0.2716044485569,15.086153030395508,0.00013803915263055504,74.29353332519531,0.0,0.5,54.34178161621094,35.52907180786133,1.5412341356277466,2.5051777362823486,1.9510377645492554,7.12147331237793
4260,7.883137226104736,0.2347855567932129,15.296703338623047,0.00013751989780848135,197.96739196777344,0.0,0.5,62.95744323730469,44.49085235595703,1.582450270652771,2.3266990184783936,2.397273302078247,8.01749038696289
4265,7.828522205352783,0.25471848249435425,15.147607803344727,0.00013700106676357797,60.14315414428711,0.0,0.5,58.91688537597656,39.11836242675781,1.6478216648101807,2.285987377166748,2.2294936180114746,7.326250076293945
4270,7.965281009674072,0.3317105174064636,15.267141342163086,0.0001364826674968614,40.45371627807617,0.0,0.5,71.85525512695312,48.976768493652344,1.7306673526763916,2.4811339378356934,2.6660401821136475,7.5234551429748535
4275,7.887867450714111,0.23215298354625702,15.311429023742676,0.00013596470800268968,47.04689407348633,0.0,0.5,57.888511657714844,40.629478454589844,1.59486985206604,2.3798646926879883,2.1506690979003906,7.610147953033447
4280,7.898646354675293,0.24561259150505066,15.30606746673584,0.00013544719626863895,35.218143463134766,0.0,0.5,63.187469482421875,42.63227844238281,1.5275651216506958,2.268876552581787,2.3139708042144775,8.090428352355957
4285,7.819659233093262,0.2531386613845825,15.133041381835938,0.00013493014027538022,65.92048645019531,0.0,0.5,59.86614227294922,40.136924743652344,1.580345869064331,2.415513753890991,2.161877155303955,7.711171627044678
4290,7.909924507141113,0.2652786672115326,15.289291381835938,0.0001344135479965567,140.8039093017578,0.0,0.5,62.25967025756836,42.49938201904297,1.767520546913147,2.5936381816864014,2.2508020401000977,6.874638557434082
4295,7.806116104125977,0.21642881631851196,15.179374694824219,0.00013389742739866028,90.26325225830078,0.0,0.5,54.87360382080078,37.6447868347168,1.5535457134246826,2.366604804992676,2.064523220062256,7.642166614532471
4300,7.82451868057251,0.22508586943149567,15.19886589050293,0.00013338178644090907,136.649169921875,0.0,0.5,57.26960754394531,41.02106475830078,1.594179391860962,2.2627501487731934,2.198948860168457,7.401322364807129
4305,7.887358665466309,0.2725837528705597,15.229549407958984,0.00013286663307512456,58.854896545410156,0.0,0.5,67.2169189453125,47.03449630737305,1.60943603515625,2.165527820587158,2.436415195465088,7.415542125701904
4310,7.895712375640869,0.25921085476875305,15.273002624511719,0.00013235197524560889,46.048580169677734,0.0,0.5,66.61186981201172,45.36060333251953,1.7017337083816528,2.300784111022949,2.500425338745117,7.927254676818848
4315,7.882579803466797,0.21185174584388733,15.341456413269043,0.00013183782088902244,98.3790512084961,0.0,0.5,63.620975494384766,43.22891616821289,1.7676117420196533,2.4220471382141113,2.351137638092041,8.27293872833252
4320,7.902573108673096,0.2450208067893982,15.315104484558105,0.00013132417793426145,67.54557800292969,0.0,0.5,62.853485107421875,45.1645622253418,1.6390464305877686,2.304210662841797,2.34708833694458,7.092273235321045
4325,7.941482067108154,0.2998901903629303,15.283184051513672,0.00013081105430233568,168.41331481933594,0.0,0.5,71.3855972290039,47.930259704589844,1.7214308977127075,2.5281035900115967,2.6334633827209473,7.989737510681152
4330,7.846047401428223,0.22752077877521515,15.237052917480469,0.00013029845790624633,35.65081024169922,0.0,0.5,55.513763427734375,39.59693908691406,1.5748672485351562,2.1641273498535156,2.052443504333496,7.884820938110352
4335,7.878068923950195,0.25895726680755615,15.2382230758667,0.0001297863966508639,170.4398651123047,0.0,0.5,63.141998291015625,45.49671173095703,1.7345263957977295,2.666233777999878,2.3873069286346436,8.013383865356445
4340,7.9057722091674805,0.3276469111442566,15.156250953674316,0.00012927487843280642,77.23844909667969,0.0,0.5,61.801143646240234,42.99340057373047,1.7164263725280762,2.4762864112854004,2.3220741748809814,7.825618743896484
4345,7.779520511627197,0.23006299138069153,15.098915100097656,0.00012876391114031757,90.96475982666016,0.0,0.5,53.53776931762695,37.59381103515625,1.5365502834320068,2.256115198135376,1.9968883991241455,7.943939208984375
4350,7.948510646820068,0.36053723096847534,15.175947189331055,0.00012825350265314512,66.00968170166016,0.0,0.5,61.891761779785156,42.04058074951172,1.7473838329315186,2.4184796810150146,2.293729305267334,7.021327972412109
4355,7.873201847076416,0.21208061277866364,15.322242736816406,0.00012774366084241935,59.50725173950195,0.0,0.5,58.152732849121094,39.44432067871094,1.5562701225280762,2.2062721252441406,2.1304144859313965,7.44683837890625
4360,7.868697643280029,0.2686828374862671,15.200029373168945,0.00012723439357053163,63.39228439331055,0.0,0.5,64.53571319580078,44.16185760498047,1.6031824350357056,2.5393638610839844,2.3245081901550293,7.757472991943359
4365,7.871066093444824,0.2899211645126343,15.1622896194458,0.00012672570869101335,54.362876892089844,0.0,0.5,66.37619018554688,45.401573181152344,1.8427010774612427,2.486660957336426,2.493386745452881,8.036038398742676
4370,7.827946662902832,0.2534696161746979,15.148954391479492,0.00012621761404841457,101.85900115966797,0.0,0.5,62.4642333984375,40.48089599609375,1.5730547904968262,2.572065830230713,2.29803466796875,6.781558990478516
4375,7.666282653808594,0.18729916214942932,14.957966804504395,0.00012571011747818328,174.96923828125,0.0,0.5,54.17768096923828,37.29731750488281,1.5823183059692383,2.181122303009033,1.995424747467041,7.386877059936523
4380,7.800693035125732,0.2459297925233841,15.109526634216309,0.00012520322680654438,53.21348190307617,0.0,0.5,57.63487243652344,38.465538024902344,1.6196296215057373,2.243163585662842,2.107304334640503,7.201735496520996
4385,7.789423942565918,0.23320862650871277,15.112430572509766,0.00012469694985037908,74.74418640136719,0.0,0.5,55.592384338378906,39.176979064941406,1.439549446105957,2.2368521690368652,2.0956597328186035,7.601494789123535
4390,7.833991527557373,0.2582307457923889,15.151521682739258,0.0001241912944171043,28.37318992614746,0.0,0.5,60.26511001586914,40.92863845825195,1.5931916236877441,2.297678232192993,2.251105546951294,7.642756462097168
4395,7.811086654663086,0.22000326216220856,15.182167053222656,0.00012368626830455237,33.459930419921875,0.0,0.5,57.39252471923828,39.44178009033203,1.5112758874893188,2.1601741313934326,2.087662696838379,7.452380180358887
4399,7.7971577644348145,0.20100732147693634,15.192300796508789,0.0001232827057593821,0.0,16.846302032470703,0.5,57.39252471923828,39.44178009033203,1.5112758874893188,2.1601741313934326,2.087662696838379,7.452380180358887
4400,7.841693878173828,0.27632832527160645,15.130731582641602,0.00012318187930085076,46.029903411865234,0.0,0.5,59.88497543334961,40.85150909423828,1.6878719329833984,2.184492349624634,2.2336206436157227,7.836782932281494
4405,7.833556652069092,0.206161767244339,15.254789352416992,0.00012267813518430175,32.95784378051758,0.0,0.5,54.584571838378906,38.938148498535156,1.480905532836914,2.215909242630005,2.013650894165039,7.385289669036865
4410,7.868269443511963,0.26912203431129456,15.198294639587402,0.00012217504372326286,69.4280776977539,0.0,0.5,59.30461120605469,40.58311080932617,1.6075923442840576,2.5382981300354004,2.214906692504883,7.229385852813721
4415,7.865311145782471,0.2567763328552246,15.217069625854492,0.00012167261267602672,118.85796356201172,0.0,0.5,63.66477966308594,43.43473815917969,1.6726677417755127,2.3914947509765625,2.3529696464538574,7.216557502746582
4420,7.85069465637207,0.27651819586753845,15.14835262298584,0.00012117084979070165,62.131492614746094,0.0,0.5,58.81360626220703,39.51622009277344,1.5875107049942017,2.3982300758361816,2.150407552719116,7.5924787521362305
4425,7.971597671508789,0.25670769810676575,15.429780006408691,0.00012066976280509202,301.9760437011719,0.0,0.5,64.78318786621094,44.9091911315918,1.6292643547058105,2.360917806625366,2.4661102294921875,8.224610328674316
4430,7.858516216278076,0.24126574397087097,15.234500885009766,0.00012016935944657908,42.98268127441406,0.0,0.5,64.43702697753906,45.31610107421875,1.6743364334106445,2.576913356781006,2.457773208618164,7.704127311706543
4435,7.866115093231201,0.23363152146339417,15.26496696472168,0.0001196696474320016,160.41156005859375,0.0,0.5,56.199031829833984,37.07406997680664,1.6802968978881836,2.4205265045166016,2.080308437347412,7.935237407684326
4440,7.786922931671143,0.32657936215400696,14.920686721801758,0.00011917063446753703,91.90706634521484,0.0,0.5,60.177974700927734,39.646392822265625,1.6776912212371826,2.2611961364746094,2.1201553344726562,6.929315567016602
4445,7.936336040496826,0.26668059825897217,15.339310646057129,0.0001186723282485826,220.1880340576172,0.0,0.5,61.501747131347656,40.87499237060547,1.5564420223236084,2.470343589782715,2.2381510734558105,8.25802993774414
4450,7.8621978759765625,0.2594650685787201,15.205465316772461,0.00011817473645963658,126.7039566040039,0.0,0.5,53.17462158203125,36.42880630493164,1.5369834899902344,2.3842315673828125,1.9367420673370361,7.627167224884033
4455,7.864589691162109,0.26786160469055176,15.193456649780273,0.00011767786677418001,88.80081939697266,0.0,0.5,68.42579650878906,45.411170959472656,1.8981702327728271,2.5128285884857178,2.515756368637085,7.152875900268555
4460,7.896030426025391,0.2998078465461731,15.192444801330566,0.00011718172685455806,83.04176330566406,0.0,0.5,54.01184844970703,36.55842590332031,1.4738051891326904,2.506350040435791,2.0265300273895264,6.933187484741211
4465,7.980938911437988,0.33364325761795044,15.294590950012207,0.00011668632435186198,200.6179656982422,0.0,0.5,64.29899597167969,44.0515251159668,1.7003660202026367,2.6359314918518066,2.3398919105529785,9.599666595458984
4470,7.753270626068115,0.22978049516677856,15.046979904174805,0.00011619166690581127,53.75959014892578,0.0,0.5,58.94404602050781,39.838417053222656,1.6472837924957275,2.571640968322754,2.176877498626709,7.951573371887207
4475,7.931762218475342,0.2764526605606079,15.310619354248047,0.00011569776214463564,30.65350914001465,0.0,0.5,66.02232360839844,45.703582763671875,1.6005315780639648,2.2939000129699707,2.4572367668151855,8.574268341064453
4480,7.868948459625244,0.2838192582130432,15.170258522033691,0.00011520461768495751,129.44143676757812,0.0,0.5,56.28504943847656,40.56159973144531,1.5883228778839111,2.419161319732666,2.099623203277588,7.094878673553467
4485,7.899921894073486,0.30577027797698975,15.188302993774414,0.00011471224113167449,120.66314697265625,0.0,0.5,55.215293884277344,36.90777587890625,1.7070415019989014,2.2801506519317627,2.0593342781066895,7.432504653930664
4490,7.872345924377441,0.28925463557243347,15.166182518005371,0.00011422064007784214,87.94478607177734,0.0,0.5,55.656036376953125,38.21565246582031,1.6197926998138428,2.375256061553955,2.0503852367401123,7.227049827575684
4495,7.847487926483154,0.2522869110107422,15.190402030944824,0.00011372982210455684,40.95072555541992,0.0,0.5,58.435020446777344,39.710121154785156,1.6031324863433838,2.4421136379241943,2.1976704597473145,7.322878837585449
4500,7.891273498535156,0.2917826175689697,15.198982238769531,0.00011323979478083892,41.773319244384766,0.0,0.5,59.63329315185547,40.60921096801758,1.6754270792007446,2.2951667308807373,2.229748249053955,7.704458236694336
4505,7.767550468444824,0.2600107192993164,15.015079498291016,0.00011275056566351585,128.50454711914062,0.0,0.5,56.71826934814453,39.782466888427734,1.6700209379196167,2.2950472831726074,2.1170389652252197,8.122251510620117
4510,7.775981903076172,0.24024371802806854,15.071475982666016,0.00011226214229710592,92.69059753417969,0.0,0.5,57.027427673339844,40.08246612548828,1.4220268726348877,2.226412296295166,2.1104683876037598,7.6552653312683105
4515,7.8672871589660645,0.33707162737846375,15.060431480407715,0.0001117745322137016,92.0574951171875,0.0,0.5,66.05812072753906,45.33515167236328,1.8229721784591675,2.375488758087158,2.4445977210998535,7.965365886688232
4520,7.737235069274902,0.2392311990261078,14.996007919311523,0.00011128774293285359,87.24272155761719,0.0,0.5,55.32176208496094,38.958457946777344,1.3322844505310059,2.0567338466644287,2.0397067070007324,7.233280181884766
4525,7.816020965576172,0.30137181282043457,15.029297828674316,0.00011080178196145476,190.5622100830078,0.0,0.5,60.816497802734375,42.68675994873047,1.5954523086547852,2.3650879859924316,2.2703404426574707,8.472628593444824
4530,7.814103126525879,0.2439691722393036,15.140268325805664,0.00011031665679362442,198.6261444091797,0.0,0.5,57.082496643066406,40.91507339477539,1.7163640260696411,2.4592487812042236,2.1428937911987305,8.016355514526367
4535,7.854888916015625,0.2573200762271881,15.195137977600098,0.00010983237491059287,81.92169952392578,0.0,0.5,56.45454406738281,39.371559143066406,1.6520622968673706,2.4214911460876465,2.1683506965637207,7.507837772369385
4540,7.836971282958984,0.2524183392524719,15.169105529785156,0.00010934894378058578,258.070068359375,0.0,0.5,52.98905944824219,36.465553283691406,1.6133702993392944,2.3168585300445557,1.934347152709961,8.084333419799805
4545,7.8158183097839355,0.2532219886779785,15.125192642211914,0.00010886637085870923,234.8033905029297,0.0,0.5,59.097572326660156,41.23949432373047,1.5673489570617676,2.3399455547332764,2.2731451988220215,7.960663318634033
4550,7.87870979309082,0.18822455406188965,15.380970001220703,0.00010838466358683468,163.57923889160156,0.0,0.5,61.94057846069336,42.3095703125,1.7194693088531494,2.411745071411133,2.2531063556671143,7.506613731384277
4555,7.937057971954346,0.2900592088699341,15.293997764587402,0.00010790382939348407,221.2460479736328,0.0,0.5,57.945220947265625,40.74095916748047,1.679890513420105,2.5849127769470215,2.1551380157470703,8.14021110534668
4560,7.861856937408447,0.2540181279182434,15.215677261352539,0.0001074238756937155,261.62591552734375,0.0,0.5,59.61933898925781,38.837379455566406,1.5784716606140137,2.157792091369629,2.173431873321533,7.20354700088501
4565,7.882819652557373,0.2602876126766205,15.245063781738281,0.00010694480988900887,385.8244323730469,0.0,0.5,56.38800048828125,38.2606201171875,1.4640421867370605,2.5363175868988037,2.086897850036621,8.050596237182617
4570,7.881401538848877,0.26536160707473755,15.23207950592041,0.00010646663936715135,116.4653549194336,0.0,0.5,64.13862609863281,43.65959930419922,1.7808712720870972,2.463625431060791,2.3809261322021484,7.783740520477295
4575,7.880828857421875,0.2443101406097412,15.273037910461426,0.00010598937150212407,24.210519790649414,0.0,0.5,59.27220153808594,39.73859786987305,1.625000238418579,2.2546887397766113,2.15313720703125,8.220571517944336
4580,7.932736396789551,0.33008453249931335,15.205304145812988,0.00010551301365398778,87.7157211303711,0.0,0.5,64.936279296875,45.295806884765625,1.990319013595581,2.689375162124634,2.4518232345581055,7.39837646484375
4585,7.8694586753845215,0.2618897557258606,15.215137481689453,0.00010503757316876986,47.583621978759766,0.0,0.5,55.700927734375,37.453453063964844,1.541981816291809,2.2515814304351807,2.0997815132141113,8.120655059814453
4590,7.86639928817749,0.22880442440509796,15.275189399719238,0.00010456305737835076,154.2681884765625,0.0,0.5,59.06998825073242,41.42557144165039,1.6351606845855713,2.3430068492889404,2.22808837890625,8.3095703125
4595,7.876211166381836,0.2618904709815979,15.228641510009766,0.00010408947360035088,146.59756469726562,0.0,0.5,62.4605712890625,42.80587387084961,1.9175726175308228,2.370673656463623,2.3545377254486084,7.719438552856445
4600,7.776987075805664,0.23236025869846344,15.089253425598145,0.00010361682913801807,90.03815460205078,0.0,0.5,58.9774169921875,41.26137161254883,1.5893619060516357,2.4026713371276855,2.17551589012146,7.946342468261719
4605,7.875879764556885,0.2620965838432312,15.227566719055176,0.00010314513128011445,232.08657836914062,0.0,0.5,62.362422943115234,43.2961540222168,1.5322363376617432,2.331301212310791,2.293429136276245,7.581834316253662
4610,7.889155864715576,0.2881771922111511,15.201957702636719,0.00010267438730080467,83.16962432861328,0.0,0.5,61.67832946777344,40.681304931640625,1.6269052028656006,2.5279810428619385,2.2804677486419678,7.601118087768555
4615,7.84184455871582,0.2581550180912018,15.167379379272461,0.0001022046044595431,69.76085662841797,0.0,0.5,53.388240814208984,37.34254455566406,1.4404460191726685,2.1415905952453613,2.03313946723938,8.080190658569336
4620,7.882311820983887,0.27194294333457947,15.22073745727539,0.00010173579000096242,39.065773010253906,0.0,0.5,59.00133514404297,42.5257682800293,1.6783688068389893,2.461059331893921,2.2478203773498535,8.434924125671387
4625,7.780937671661377,0.3012826144695282,14.959310531616211,0.00010126795115476143,125.17826080322266,0.0,0.5,61.25917434692383,41.957618713378906,1.7654454708099365,2.6054463386535645,2.2950806617736816,7.072375297546387
4630,7.863495349884033,0.27394330501556396,15.17910385131836,0.00010080109513559394,278.80767822265625,0.0,0.5,61.71418762207031,42.13271713256836,1.8642535209655762,2.587462902069092,2.305388927459717,8.044513702392578
4635,7.94010591506958,0.32319605350494385,15.233819961547852,0.00010033522914295726,85.77206420898438,0.0,0.5,59.1056022644043,40.06175994873047,1.5662531852722168,2.17435622215271,2.204359769821167,7.303586959838867
4640,7.797029495239258,0.2252875119447708,15.143484115600586,9.987036036108135e-05,50.14619827270508,0.0,0.5,54.11234664916992,36.11015319824219,1.4895546436309814,2.2538952827453613,1.9621834754943848,7.025204658508301
4645,7.889132499694824,0.28725892305374146,15.203746795654297,9.940649595881781e-05,205.2534637451172,0.0,0.5,63.8471794128418,44.415679931640625,1.6908077001571655,2.3878536224365234,2.386093854904175,7.93168306350708
4650,7.756202220916748,0.25534704327583313,15.001709938049316,9.894364308952967e-05,58.838497161865234,0.0,0.5,55.67133331298828,39.40748596191406,1.4732568264007568,2.2163004875183105,2.1183931827545166,8.230950355529785
4655,7.836415767669678,0.2682584226131439,15.136314392089844,9.84818088909806e-05,110.7458267211914,0.0,0.5,59.99553680419922,41.55497741699219,1.5457804203033447,2.384559392929077,2.184199571609497,7.2042365074157715
4660,7.79896354675293,0.26781946420669556,15.062288284301758,9.802100048522541e-05,62.29841613769531,0.0,0.5,57.19863510131836,40.04020309448242,1.617936611175537,2.4682319164276123,2.1740634441375732,7.361374855041504
4665,7.811785697937012,0.2945910394191742,15.03438949584961,9.756122497849967e-05,31.122835159301758,0.0,0.5,55.782249450683594,37.892765045166016,1.463822603225708,2.2767457962036133,2.067197799682617,7.606991767883301
4670,7.902212142944336,0.2395630031824112,15.325298309326172,9.710248946111054e-05,76.37715911865234,0.0,0.5,66.00196838378906,46.64314270019531,1.6802074909210205,2.4123144149780273,2.4449939727783203,8.298922538757324
4675,7.857005596160889,0.26493412256240845,15.18414306640625,9.664480100732712e-05,112.72684478759766,0.0,0.5,65.74565124511719,45.049530029296875,1.8698328733444214,2.632215976715088,2.418295383453369,7.266023635864258
4680,7.823611736297607,0.22164945304393768,15.203924179077148,9.618816667527152e-05,131.95399475097656,0.0,0.5,54.09880065917969,37.129432678222656,1.4610016345977783,2.2274060249328613,1.946840524673462,7.482686996459961
4685,7.722733497619629,0.17532721161842346,15.094812393188477,9.573259350681013e-05,25.321367263793945,0.0,0.5,52.24812316894531,36.05170440673828,1.4381656646728516,2.335310935974121,1.9341660737991333,7.602831840515137
4690,7.786437511444092,0.27446505427360535,15.023944854736328,9.527808852744466e-05,214.7818145751953,0.0,0.5,58.91844940185547,40.822513580322266,1.6552537679672241,2.3712329864501953,2.2044811248779297,7.7528276443481445
4695,7.919020652770996,0.28896719217300415,15.260107040405273,9.482465874620424e-05,36.820648193359375,0.0,0.5,63.97868347167969,42.65403366088867,1.6480610370635986,2.29028582572937,2.3665964603424072,7.299039840698242
4700,7.87199592590332,0.27001383900642395,15.203964233398438,9.437231115553693e-05,41.363807678222656,0.0,0.5,65.98013305664062,45.1306266784668,1.6657118797302246,2.560089588165283,2.470829486846924,8.236577987670898
4705,7.784148216247559,0.2286078929901123,15.111080169677734,9.392105273120227e-05,56.255393981933594,0.0,0.5,57.07103729248047,40.06611633300781,1.613726258277893,2.400547504425049,2.1674110889434814,7.370782852172852
4710,7.82209587097168,0.22714638710021973,15.189899444580078,9.347089043216322e-05,110.64279174804688,0.0,0.5,65.1572265625,43.57408905029297,1.6136415004730225,2.237919330596924,2.4048819541931152,7.693137168884277
4715,7.81282377243042,0.21817874908447266,15.189290046691895,9.302183120047953e-05,55.95291519165039,0.0,0.5,47.7900390625,33.12950134277344,1.3895409107208252,2.30134916305542,1.763054370880127,7.632433891296387
4720,7.787882328033447,0.2347157746553421,15.106332778930664,9.257388196119988e-05,57.587154388427734,0.0,0.5,60.04334259033203,40.718650817871094,1.4594677686691284,2.2640864849090576,2.1829776763916016,7.233057022094727
4725,7.867295742034912,0.31634777784347534,15.101896286010742,9.212704962225583e-05,44.696533203125,0.0,0.5,63.620826721191406,41.74188995361328,1.7693803310394287,2.4716315269470215,2.313344955444336,6.887138366699219
4730,7.815897464752197,0.2249627262353897,15.181869506835938,9.168134107435472e-05,196.1782989501953,0.0,0.5,58.13701629638672,38.336585998535156,1.5370501279830933,2.3284499645233154,2.101268768310547,7.4927849769592285
4735,7.790759086608887,0.23966893553733826,15.102180480957031,9.123676319087366e-05,39.1632194519043,0.0,0.5,59.461421966552734,41.21947479248047,1.5940372943878174,2.339327573776245,2.233750104904175,7.45986795425415
4740,7.776669979095459,0.22961390018463135,15.094112396240234,9.079332282775374e-05,41.787757873535156,0.0,0.5,57.770050048828125,39.80729293823242,1.4770110845565796,2.503016471862793,2.183110475540161,7.538128852844238
4745,7.8317108154296875,0.2738172709941864,15.115787506103516,9.035102682339377e-05,75.8602523803711,0.0,0.5,57.505619049072266,40.32172393798828,1.60677969455719,2.2957587242126465,2.218083620071411,7.189765453338623
4750,7.791534423828125,0.2695566415786743,15.04395580291748,8.99098819985454e-05,237.2993621826172,0.0,0.5,56.29764938354492,40.53099060058594,1.543531894683838,2.347329616546631,2.170393228530884,7.867026329040527
4755,7.8732686042785645,0.2422379106283188,15.26206111907959,8.946989515620745e-05,87.37476348876953,0.0,0.5,69.4272232055664,47.51675033569336,1.711878776550293,2.351560115814209,2.6221137046813965,8.20637035369873
4760,7.866696357727051,0.2560516595840454,15.22128963470459,8.903107308152145e-05,106.3590087890625,0.0,0.5,65.52885437011719,44.89143753051758,1.785739541053772,2.264010190963745,2.3924312591552734,8.38687515258789
4765,7.865446090698242,0.31681737303733826,15.097257614135742,8.859342254166643e-05,208.52281188964844,0.0,0.5,61.08574295043945,41.198936462402344,1.7814115285873413,2.5879623889923096,2.3535642623901367,6.952607154846191
4770,7.844428539276123,0.25033506751060486,15.188186645507812,8.815695028575537e-05,48.06279373168945,0.0,0.5,53.728233337402344,37.581180572509766,1.4842627048492432,2.193934917449951,2.0594847202301025,8.314783096313477
4775,7.809874057769775,0.29584625363349915,15.028055191040039,8.77216630447302e-05,73.6885757446289,0.0,0.5,63.66206741333008,42.55084228515625,1.6938045024871826,2.5391530990600586,2.342540740966797,7.453010082244873
4780,7.9659905433654785,0.33501026034355164,15.261960983276367,8.728756753125878e-05,130.37693786621094,0.0,0.5,74.74942016601562,49.85224151611328,2.0025434494018555,2.6943182945251465,2.765425682067871,8.332298278808594
4785,7.813193321228027,0.25483113527297974,15.116724014282227,8.685467043963083e-05,113.26139831542969,0.0,0.5,62.61526107788086,41.36396026611328,1.5441465377807617,2.217071056365967,2.2750325202941895,8.63627815246582
4790,7.886045455932617,0.3058808445930481,15.16032886505127,8.642297844565513e-05,363.0438232421875,0.0,0.5,57.395790100097656,41.48345947265625,1.5843596458435059,2.3254499435424805,2.225628137588501,7.203404426574707
4795,7.836198806762695,0.2611009180545807,15.150196075439453,8.599249820655617e-05,123.46929931640625,0.0,0.5,59.674869537353516,39.84431457519531,1.5549037456512451,2.3459348678588867,2.145352840423584,7.702754020690918
4799,7.817559719085693,0.23490770161151886,15.165304183959961,8.564899094051613e-05,0.0,17.912586212158203,0.5,59.674869537353516,39.84431457519531,1.5549037456512451,2.3459348678588867,2.145352840423584,7.702754020690918
4800,7.821352958679199,0.2247665822505951,15.193172454833984,8.556323636087175e-05,30.3267765045166,0.0,0.5,56.68529510498047,39.159400939941406,1.467949628829956,2.2161946296691895,2.0819790363311768,7.510622024536133
4805,7.773297309875488,0.23511584103107452,15.076362609863281,8.513519952835063e-05,61.2298698425293,0.0,0.5,53.61366653442383,36.9228515625,1.5792152881622314,2.3473050594329834,2.018181800842285,6.943169593811035
4810,7.839028835296631,0.2976951599121094,15.082667350769043,8.47083943098502e-05,68.82611846923828,0.0,0.5,54.32634353637695,39.52005386352539,1.4983723163604736,2.2983646392822266,2.085969924926758,7.879367828369141
4815,7.84681510925293,0.292307049036026,15.109016418457031,8.428282728723499e-05,189.88050842285156,0.0,0.5,57.60987854003906,38.99053955078125,1.581169605255127,2.2632648944854736,2.0904312133789062,8.424814224243164
4820,7.951265335083008,0.3784453868865967,15.14564037322998,8.38585050232748e-05,163.4705810546875,0.0,0.5,73.55278015136719,49.79472351074219,1.668677568435669,2.580638885498047,2.7391409873962402,8.260684967041016
4825,7.8913774490356445,0.27728569507598877,15.22818374633789,8.343543406154405e-05,163.33316040039062,0.0,0.5,66.68020629882812,45.467987060546875,1.7081992626190186,2.5940847396850586,2.4945106506347656,8.004594802856445
4830,7.731912612915039,0.21670661866664886,15.030411720275879,8.30136209263202e-05,123.21481323242188,0.0,0.5,58.420387268066406,38.479393005371094,1.4885811805725098,2.1864328384399414,2.158416748046875,7.31463623046875
4835,7.762507438659668,0.2630433142185211,14.99892807006836,8.259307212248366e-05,48.658775329589844,0.0,0.5,47.94288635253906,34.16961669921875,1.5526962280273438,2.312565803527832,1.7734240293502808,7.400127410888672
4840,7.762744426727295,0.2158602923154831,15.093768119812012,8.217379413541716e-05,81.2603988647461,0.0,0.5,51.52874755859375,35.16136932373047,1.4849649667739868,2.0907087326049805,1.907854676246643,7.229333400726318
4845,7.789703369140625,0.24527373909950256,15.088859558105469,8.175579343090602e-05,31.080747604370117,0.0,0.5,48.45166778564453,34.08125305175781,1.5822057723999023,2.1756420135498047,1.8255383968353271,7.931197643280029
4850,7.746763229370117,0.253275066614151,14.986976623535156,8.133907645503818e-05,138.23907470703125,0.0,0.5,52.6861572265625,35.74513244628906,1.5483942031860352,2.4784650802612305,1.9381884336471558,7.023345947265625
4855,7.848548412322998,0.2631508708000183,15.170795440673828,8.092364963410482e-05,538.0146484375,0.0,0.5,59.186927795410156,41.4184684753418,1.645408272743225,2.2956442832946777,2.169618844985962,7.440601348876953
4860,7.854455471038818,0.24018703401088715,15.228536605834961,8.050951937450155e-05,204.78701782226562,0.0,0.5,53.989471435546875,36.748626708984375,1.5625406503677368,2.396615743637085,2.0077102184295654,7.718968868255615
4865,7.8278303146362305,0.28197312355041504,15.091713905334473,8.009669206262914e-05,39.225433349609375,0.0,0.5,52.079490661621094,35.81156921386719,1.5831104516983032,2.4335317611694336,1.9968664646148682,7.831483840942383
4870,7.912572860717773,0.3186894357204437,15.187767028808594,7.968517406479553e-05,98.39820098876953,0.0,0.5,59.07130432128906,40.398868560791016,1.697944164276123,2.300459384918213,2.244262218475342,8.139509201049805
4875,7.8790483474731445,0.27303317189216614,15.212030410766602,7.927497172711728e-05,354.4392395019531,0.0,0.5,60.16448974609375,41.48419189453125,1.6652460098266602,2.3635873794555664,2.2617809772491455,7.141319274902344
4880,7.788139820098877,0.26601362228393555,15.044252395629883,7.886609137542196e-05,59.66362762451172,0.0,0.5,59.821468353271484,40.33735656738281,1.7428828477859497,2.415374279022217,2.252717971801758,6.965786933898926
4885,7.765466690063477,0.3013139069080353,14.928305625915527,7.845853931515028e-05,17.654634475708008,0.0,0.5,63.611610412597656,42.179256439208984,1.728065848350525,2.382560968399048,2.3314590454101562,7.817226409912109
4890,7.826632976531982,0.25606220960617065,15.141141891479492,7.805232183125928e-05,37.841495513916016,0.0,0.5,58.157508850097656,39.923553466796875,1.5973773002624512,2.450000286102295,2.202705144882202,7.360946178436279
4895,7.759982109069824,0.2501717805862427,15.019620895385742,7.7647445188125e-05,184.3592071533203,0.0,0.5,55.81204605102539,37.78437042236328,1.5356032848358154,2.491238594055176,2.035886764526367,7.0780792236328125
4900,7.780838966369629,0.25150156021118164,15.058674812316895,7.72439156294462e-05,177.5069580078125,0.0,0.5,53.648826599121094,37.2844123840332,1.496742844581604,2.517914295196533,1.9541022777557373,7.784668922424316
4905,7.818904876708984,0.21427202224731445,15.20926570892334,7.684173937814778e-05,81.20787811279297,0.0,0.5,58.70891189575195,40.62248229980469,1.520838975906372,2.294649600982666,2.131816864013672,7.55964469909668
4910,7.950336933135986,0.36698946356773376,15.166694641113281,7.644092263628516e-05,67.04720306396484,0.0,0.5,68.01233673095703,45.41407775878906,1.720524787902832,2.4682865142822266,2.561786413192749,7.7984418869018555
4915,7.846089839935303,0.24657490849494934,15.199029922485352,7.604147158494826e-05,58.95221710205078,0.0,0.5,64.16581726074219,42.72129821777344,1.6566053628921509,2.3321847915649414,2.3486387729644775,7.545921325683594
4920,7.739859580993652,0.25698354840278625,14.965751647949219,7.56433923841664e-05,172.6412353515625,0.0,0.5,51.23688507080078,36.081485748291016,1.5380216836929321,2.2952611446380615,1.8517848253250122,7.939180374145508
4925,7.74421501159668,0.2097712904214859,15.068887710571289,7.524669117281335e-05,68.02679443359375,0.0,0.5,57.977142333984375,37.5641975402832,1.5738863945007324,2.3205788135528564,2.1497678756713867,7.077755928039551
4930,7.7941107749938965,0.2430020272731781,15.102217674255371,7.485137406851254e-05,37.117828369140625,0.0,0.5,56.98613739013672,38.99707794189453,1.621429443359375,2.1010031700134277,2.079319715499878,7.560613632202148
4935,7.798527717590332,0.21815282106399536,15.160749435424805,7.445744716754279e-05,248.6111297607422,0.0,0.5,59.97650909423828,40.12650680541992,1.7062186002731323,2.4426395893096924,2.213778495788574,7.653512001037598
4940,7.761816024780273,0.22523584961891174,15.073160171508789,7.406491654474413e-05,123.12688446044922,0.0,0.5,63.00049591064453,44.45709991455078,1.7553181648254395,2.4369544982910156,2.3296775817871094,7.457521438598633
4945,7.739927768707275,0.22801855206489563,15.023818016052246,7.367378825342444e-05,59.74601364135742,0.0,0.5,49.83638381958008,33.124813079833984,1.4396334886550903,2.2780356407165527,1.85052490234375,7.25730037689209
4950,7.7845458984375,0.21785417199134827,15.133383750915527,7.328406832526573e-05,46.385902404785156,0.0,0.5,57.95663833618164,37.426666259765625,1.5445395708084106,2.40817928314209,2.1353399753570557,7.752288341522217
4955,7.89665412902832,0.3311433792114258,15.131021499633789,7.289576277023148e-05,115.69209289550781,0.0,0.5,64.3296127319336,43.26920700073242,1.7614688873291016,2.428165912628174,2.404118776321411,7.463808059692383
4960,7.792184829711914,0.29956430196762085,14.985240936279297,7.250887757647364e-05,75.86986541748047,0.0,0.5,52.36714553833008,36.999664306640625,1.4672638177871704,2.297403573989868,1.9602093696594238,7.918435573577881
4965,7.953644752502441,0.30837172269821167,15.290546417236328,7.212341871024057e-05,63.10296630859375,0.0,0.5,65.24526977539062,44.51459884643555,1.586501955986023,2.308732032775879,2.4082822799682617,7.888988018035889
4970,7.790113925933838,0.22867639362812042,15.122875213623047,7.173939211578476e-05,114.00180053710938,0.0,0.5,58.374080657958984,39.7596549987793,1.7034695148468018,2.456002950668335,2.122431516647339,7.8604230880737305
4975,7.845625400543213,0.3013564348220825,15.08853816986084,7.135680371527134e-05,40.949703216552734,0.0,0.5,57.978790283203125,39.95014953613281,1.5585744380950928,2.4373202323913574,2.090719223022461,8.119787216186523
4980,7.847459316253662,0.3018970191478729,15.091124534606934,7.097565940868678e-05,53.55056381225586,0.0,0.5,52.530643463134766,34.74421310424805,1.3662103414535522,2.258331060409546,1.9104164838790894,7.2950758934021
4985,7.888327598571777,0.25979164242744446,15.257071495056152,7.059596507374777e-05,49.144866943359375,0.0,0.5,63.542884826660156,42.621612548828125,1.7618175745010376,2.556678533554077,2.3798060417175293,7.321663856506348
4990,7.783427715301514,0.2279810905456543,15.110893249511719,7.02177265658107e-05,160.96522521972656,0.0,0.5,51.90601348876953,36.4150390625,1.6010209321975708,2.3259377479553223,1.9172980785369873,7.8361711502075195
4995,7.699005603790283,0.1936790496110916,15.010653495788574,6.984094971778119e-05,44.392311096191406,0.0,0.5,50.030426025390625,33.40346145629883,1.5534605979919434,2.1266891956329346,1.8187484741210938,7.638313293457031
5000,7.883148670196533,0.2624410390853882,15.241415023803711,6.946564034002443e-05,115.57020568847656,0.0,0.5,63.83872604370117,42.07925796508789,1.703413963317871,2.1908881664276123,2.377251625061035,7.1329026222229
5005,7.842496395111084,0.2844066619873047,15.116179466247559,6.909180422027518e-05,109.95755767822266,0.0,0.5,59.92619705200195,40.42509460449219,1.5500354766845703,2.529888391494751,2.184110641479492,7.566617012023926
5010,7.731071949005127,0.21991892158985138,15.022306442260742,6.871944712354898e-05,30.747886657714844,0.0,0.5,50.00007629394531,34.10797119140625,1.519273042678833,2.2329745292663574,1.881772518157959,7.695590019226074
5015,7.842413425445557,0.2663987874984741,15.152029037475586,6.834857479205278e-05,34.401371002197266,0.0,0.5,60.5068473815918,41.73887252807617,1.5669103860855103,2.406404495239258,2.254941463470459,7.257448196411133
5020,7.7601637840271,0.2542699873447418,15.011787414550781,6.797919294509684e-05,97.83629608154297,0.0,0.5,51.098602294921875,35.17306137084961,1.5204498767852783,2.117262601852417,1.9127460718154907,6.6176557540893555
5025,7.742843151092529,0.24058102071285248,15.004524230957031,6.761130727900613e-05,22.98111343383789,0.0,0.5,60.127464294433594,41.184410095214844,1.5651113986968994,2.348961114883423,2.216839551925659,8.021112442016602
5030,7.8878493309021,0.30033308267593384,15.175032615661621,6.724492346703267e-05,193.88906860351562,0.0,0.5,63.99871826171875,44.308414459228516,1.4884573221206665,2.264474868774414,2.3533942699432373,7.449098110198975
5035,7.784968376159668,0.2520620822906494,15.065813064575195,6.688004715926812e-05,160.22012329101562,0.0,0.5,55.07947540283203,37.2198371887207,1.7179923057556152,2.365847110748291,2.066532611846924,7.885394096374512
5040,7.870467662811279,0.27084702253341675,15.199241638183594,6.651668398255653e-05,157.36558532714844,0.0,0.5,56.930992126464844,39.47834014892578,1.570566177368164,2.430243492126465,2.108408212661743,7.934538841247559
5045,7.856874942779541,0.2699832320213318,15.173783302307129,6.615483954040762e-05,539.9060668945312,0.0,0.5,59.338741302490234,38.930381774902344,1.4835559129714966,2.19425892829895,2.1244053840637207,7.872631549835205
5050,7.828185081481934,0.2946724593639374,15.067025184631348,6.579451941291023e-05,69.60179901123047,0.0,0.5,56.657596588134766,38.382503509521484,1.3944305181503296,2.3396403789520264,2.064044952392578,7.0723419189453125
5055,7.757383346557617,0.23823276162147522,15.038301467895508,6.543572915664653e-05,136.6707305908203,0.0,0.5,53.86530303955078,36.458168029785156,1.5728285312652588,2.387545347213745,1.9652643203735352,7.123229026794434
5060,7.796322822570801,0.25526338815689087,15.08211898803711,6.507847430460606e-05,185.2593231201172,0.0,0.5,57.24773406982422,37.63047790527344,1.7687900066375732,2.1937355995178223,2.09302020072937,7.5175933837890625
5065,7.823825359344482,0.22123223543167114,15.205185890197754,6.472276036610066e-05,37.180747985839844,0.0,0.5,62.496681213378906,41.628448486328125,1.5922149419784546,2.4581830501556396,2.2657060623168945,7.948299407958984
5070,7.645752906799316,0.20777443051338196,14.875956535339355,6.436859282667922e-05,101.23856353759766,0.0,0.5,52.22542190551758,36.17455291748047,1.42512845993042,2.2021946907043457,1.914236307144165,8.362153053283691
5075,7.923563003540039,0.28214383125305176,15.282838821411133,6.401597714804339e-05,88.67549896240234,0.0,0.5,61.68308639526367,41.160125732421875,1.6745623350143433,2.3581252098083496,2.3200597763061523,7.731797218322754
5080,7.784809589385986,0.24089688062667847,15.087825775146484,6.366491876796306e-05,129.74049377441406,0.0,0.5,61.929080963134766,42.620941162109375,1.5546072721481323,2.463576316833496,2.331573486328125,7.527054786682129
5085,7.753366947174072,0.21921131014823914,15.06831169128418,6.331542310019282e-05,52.770713806152344,0.0,0.5,55.92169952392578,38.46732711791992,1.661726951599121,2.3376200199127197,2.056495428085327,7.097143173217773
5090,7.806798934936523,0.22042009234428406,15.172758102416992,6.296749553438815e-05,136.62425231933594,0.0,0.5,54.898841857910156,38.42939758300781,1.3738763332366943,2.218223810195923,2.0285699367523193,7.590697288513184
5095,7.835511207580566,0.24767684936523438,15.175668716430664,6.262114143602254e-05,174.1814727783203,0.0,0.5,59.82085418701172,41.20311737060547,1.5416569709777832,2.3949661254882812,2.1987693309783936,7.553228378295898
5100,7.802385330200195,0.21583159267902374,15.173107147216797,6.227636614630468e-05,111.40454864501953,0.0,0.5,51.40226745605469,35.77314758300781,1.5271416902542114,2.3227179050445557,1.840960144996643,7.462663173675537
5105,7.730430603027344,0.1981085240840912,15.064643859863281,6.193317498209598e-05,50.044960021972656,0.0,0.5,53.212345123291016,36.926910400390625,1.6685314178466797,2.317718505859375,1.9847221374511719,6.977195739746094
5110,7.805362224578857,0.24907051026821136,15.11258316040039,6.159157323582884e-05,125.62036895751953,0.0,0.5,52.497772216796875,37.826438903808594,1.4594131708145142,2.4008989334106445,1.9874820709228516,7.670395851135254
5115,7.712279319763184,0.24973751604557037,14.92508316040039,6.125156617542466e-05,132.28009033203125,0.0,0.5,52.99961471557617,38.52040100097656,1.5204589366912842,2.192417621612549,2.049740791320801,7.465696811676025
5120,7.829025745391846,0.2716831564903259,15.11468505859375,6.0913159044212985e-05,114.9413833618164,0.0,0.5,56.760528564453125,39.12913131713867,1.5921754837036133,2.212527275085449,2.099482536315918,7.12626838684082
5125,7.711649417877197,0.25800788402557373,14.907282829284668,6.0576357060850366e-05,54.04710006713867,0.0,0.5,52.900917053222656,37.434181213378906,1.4299920797348022,2.2933712005615234,1.9857292175292969,6.961058139801025
5130,7.80460262298584,0.28657910227775574,15.036046981811523,6.024116541924008e-05,75.99225616455078,0.0,0.5,60.25687026977539,41.82854080200195,1.6291072368621826,2.347285032272339,2.2497591972351074,7.218253135681152
5135,7.77193546295166,0.2599499821662903,15.023970603942871,5.9907589288451844e-05,363.2090759277344,0.0,0.5,52.8166389465332,36.583770751953125,1.50063157081604,2.3144583702087402,1.9667893648147583,8.41945743560791
5140,7.808407783508301,0.2554054260253906,15.10600471496582,5.957563381264229e-05,57.92816162109375,0.0,0.5,62.53373718261719,41.642791748046875,1.5921841859817505,2.4912099838256836,2.297898054122925,7.816178321838379
5145,7.828491687774658,0.3027920126914978,15.051399230957031,5.924530411097542e-05,107.63713073730469,0.0,0.5,68.58812713623047,45.191810607910156,1.6722707748413086,2.418544292449951,2.4987454414367676,6.553607940673828
5150,7.735785007476807,0.18360283970832825,15.104364395141602,5.8916605277544004e-05,80.92540740966797,0.0,0.5,49.737037658691406,33.83706283569336,1.4845097064971924,2.327033042907715,1.7838501930236816,7.62035608291626
5155,7.855184078216553,0.3063313066959381,15.097705841064453,5.85895423812906e-05,85.72348022460938,0.0,0.5,64.59556579589844,45.33871078491211,1.553824543952942,2.4539999961853027,2.39216685295105,8.591704368591309
5160,7.882707595825195,0.33288857340812683,15.099637985229492,5.826412046592964e-05,98.83575439453125,0.0,0.5,65.23539733886719,44.52428436279297,1.4779770374298096,2.210671901702881,2.402268171310425,8.045279502868652
5165,7.848575592041016,0.26315534114837646,15.1708402633667,5.794034454986968e-05,256.69464111328125,0.0,0.5,60.044944763183594,40.308189392089844,1.5861949920654297,2.2622780799865723,2.203279972076416,7.469010353088379
5170,7.7478766441345215,0.20859931409358978,15.0785551071167,5.7618219626135817e-05,203.98965454101562,0.0,0.5,55.607818603515625,38.87958908081055,1.4474788904190063,2.292191505432129,2.1223580837249756,7.336904525756836
5175,7.782897472381592,0.2578639090061188,15.050066947937012,5.729775066229292e-05,35.97016525268555,0.0,0.5,60.95281219482422,41.72020721435547,1.5682973861694336,2.3566133975982666,2.2797112464904785,7.49968957901001
5180,7.79190731048584,0.2790180444717407,15.025778770446777,5.6978942600368814e-05,106.79085540771484,0.0,0.5,60.380455017089844,41.046875,1.5132660865783691,2.2608468532562256,2.137035369873047,7.8268256187438965
5185,7.878670692443848,0.28106021881103516,15.195220947265625,5.666180035677821e-05,103.6405258178711,0.0,0.5,59.49091339111328,41.0851936340332,1.620246171951294,2.4109249114990234,2.215816020965576,8.152804374694824
5190,7.836577892303467,0.33538082242012024,15.00239372253418,5.634632882224682e-05,66.2957992553711,0.0,0.5,62.26042556762695,41.52705383300781,1.6645534038543701,2.3825364112854004,2.299586772918701,8.76397705078125
5195,7.713190078735352,0.20381641387939453,15.018747329711914,5.6032532861735986e-05,59.56605911254883,0.0,0.5,56.72814178466797,39.03953552246094,1.4476128816604614,2.2630186080932617,2.0675132274627686,7.444549560546875
5199,7.7087531089782715,0.22694478929042816,14.963616371154785,5.5782705759382104e-05,0.0,16.82344627380371,0.5,56.72814178466797,39.03953552246094,1.4476128816604614,2.2630186080932617,2.0675132274627686,7.444549560546875
5200,7.824853420257568,0.26503798365592957,15.119630813598633,5.572041731436751e-05,193.56350708007812,0.0,0.5,59.28855895996094,40.25700378417969,1.5880316495895386,2.489412784576416,2.2190051078796387,6.918613433837891
5205,7.784245014190674,0.24733754992485046,15.07381534576416,5.5409986993349406e-05,196.3856658935547,0.0,0.5,56.50019073486328,40.097694396972656,1.5819482803344727,2.3383944034576416,2.078644037246704,7.379663944244385
5210,7.7412004470825195,0.2263830453157425,15.029634475708008,5.5101246685901144e-05,79.31436157226562,0.0,0.5,56.158199310302734,38.572227478027344,1.3917806148529053,2.292073965072632,2.0753419399261475,6.744760036468506
5215,7.725827217102051,0.21488720178604126,15.021880149841309,5.479420115318016e-05,76.43924713134766,0.0,0.5,53.199188232421875,36.38774871826172,1.2715604305267334,2.1006317138671875,2.0166268348693848,7.318684101104736
5220,7.787078380584717,0.2383580207824707,15.097440719604492,5.448885513020848e-05,42.3272590637207,0.0,0.5,61.50522994995117,43.350189208984375,1.5909496545791626,2.5073657035827637,2.387876510620117,7.585654258728027
5225,7.8477959632873535,0.2727521061897278,15.150087356567383,5.418521332579945e-05,90.9652328491211,0.0,0.5,63.83988571166992,43.238460540771484,1.9137773513793945,2.4198713302612305,2.4156322479248047,8.102394104003906
5230,7.833306312561035,0.29229357838630676,15.082025527954102,5.3883280422485375e-05,97.81385803222656,0.0,0.5,64.72381591796875,43.031272888183594,1.7164866924285889,2.430328845977783,2.3473644256591797,7.183714389801025
5235,7.728316307067871,0.2066480666399002,15.043336868286133,5.3583061076445054e-05,53.44672775268555,0.0,0.5,52.00153350830078,35.65375900268555,1.4439334869384766,2.2204809188842773,1.9586071968078613,8.374138832092285
5240,7.937783241271973,0.2341003715991974,15.407365798950195,5.3284559917432284e-05,65.93193817138672,0.0,0.5,58.564208984375,39.0224609375,1.5338085889816284,2.3782105445861816,2.088810920715332,7.5935187339782715
5245,7.778618812561035,0.24710549414157867,15.063026428222656,5.298778154870412e-05,144.4276885986328,0.0,0.5,52.294898986816406,36.588294982910156,1.3806447982788086,2.210578203201294,1.9514836072921753,7.289952754974365
5250,7.795777320861816,0.24210752546787262,15.107339859008789,5.26927305469502e-05,95.73988342285156,0.0,0.5,55.44245910644531,38.18648147583008,1.4954538345336914,2.1440391540527344,2.0390870571136475,7.768780708312988
5255,7.730545520782471,0.25031721591949463,14.960456848144531,5.239941146222186e-05,135.74533081054688,0.0,0.5,53.121925354003906,36.754791259765625,1.476120114326477,2.229969024658203,1.9583334922790527,7.509032249450684
5260,7.780411720275879,0.25559529662132263,15.049633026123047,5.210782881786241e-05,39.41819763183594,0.0,0.5,68.78400421142578,45.515403747558594,1.689247965812683,2.3911681175231934,2.516807794570923,7.637962818145752
5265,7.8481574058532715,0.28503888845443726,15.126236915588379,5.18179871104368e-05,111.96490478515625,0.0,0.5,61.53260040283203,42.628143310546875,1.7436538934707642,2.472280502319336,2.3598721027374268,7.519199371337891
5270,7.741016864776611,0.23746488988399506,15.00710391998291,5.1529890809662784e-05,34.09063720703125,0.0,0.5,50.544830322265625,35.16095733642578,1.3740710020065308,2.2897143363952637,1.8069398403167725,6.922555923461914
5275,7.704094409942627,0.20403099060058594,15.000126838684082,5.124354435834167e-05,94.30050659179688,0.0,0.5,60.288055419921875,40.9085693359375,1.4605307579040527,2.3408045768737793,2.180929660797119,7.287876129150391
5280,7.720658779144287,0.2328125685453415,14.975692749023438,5.0958952172289944e-05,15.90656566619873,0.0,0.5,55.206329345703125,37.39094924926758,1.4649007320404053,2.1681950092315674,2.0406413078308105,6.500986099243164
5285,7.874083042144775,0.2893486022949219,15.169468879699707,5.0676118640271226e-05,185.45909118652344,0.0,0.5,62.9453010559082,42.94812774658203,1.643081545829773,2.2541677951812744,2.389240264892578,8.550430297851562
5290,7.76230525970459,0.22665701806545258,15.071296691894531,5.039504812392842e-05,56.592315673828125,0.0,0.5,50.931312561035156,33.87477493286133,1.4507949352264404,2.242055892944336,1.803187370300293,7.5694684982299805
5295,7.801600933074951,0.23192285001277924,15.13935661315918,5.011574495771661e-05,61.44892883300781,0.0,0.5,59.19692611694336,40.2806396484375,1.6457269191741943,2.442445755004883,2.120464563369751,7.7801055908203125
5300,7.764296054840088,0.22008465230464935,15.088422775268555,4.983821344883613e-05,216.54574584960938,0.0,0.5,56.86634826660156,39.138370513916016,1.6577308177947998,2.580378293991089,2.0752546787261963,7.577963829040527
5305,7.834946632385254,0.29033684730529785,15.08922004699707,4.9562457877166186e-05,37.28155517578125,0.0,0.5,62.61573791503906,42.527320861816406,1.6596674919128418,2.50644588470459,2.3637027740478516,7.658721923828125
5310,7.753276348114014,0.20069773495197296,15.105156898498535,4.928848249519874e-05,164.41677856445312,0.0,0.5,57.14371109008789,39.61874771118164,1.573758602142334,2.1198930740356445,2.1282527446746826,8.311552047729492
5315,7.77964973449707,0.1926247775554657,15.174050331115723,4.9016291527973216e-05,71.46217346191406,0.0,0.5,50.50735855102539,34.461761474609375,1.3413779735565186,2.4770917892456055,1.7874183654785156,7.657153129577637
5320,7.705409526824951,0.2090044766664505,14.992810249328613,4.8745889173010986e-05,47.18760681152344,0.0,0.5,52.009071350097656,35.986148834228516,1.5647971630096436,2.2392940521240234,1.8555021286010742,7.367527484893799
5325,7.776669025421143,0.20013810694217682,15.153061866760254,4.8477279600250894e-05,65.87408447265625,0.0,0.5,59.91456604003906,40.26707458496094,1.4911129474639893,2.2945268154144287,2.240687847137451,6.2815680503845215
5330,7.7327117919921875,0.22353850305080414,15.018346786499023,4.821046695198484e-05,26.85469627380371,0.0,0.5,54.98222351074219,38.17304229736328,1.4776870012283325,2.46337890625,2.038470506668091,7.721147060394287
5335,7.815903663635254,0.22406990826129913,15.183667182922363,4.794545534279384e-05,142.9014892578125,0.0,0.5,54.87873458862305,36.173828125,1.5029542446136475,2.3089282512664795,1.9110761880874634,7.500246047973633
5340,7.809831142425537,0.25046977400779724,15.118722915649414,4.768224885948487e-05,177.02444458007812,0.0,0.5,57.48137664794922,39.44352722167969,1.438353419303894,2.1842904090881348,2.1642937660217285,7.748757362365723
5345,7.788534164428711,0.2538573741912842,15.069353103637695,4.7420851561027385e-05,109.85802459716797,0.0,0.5,53.913028717041016,38.21928405761719,1.4211257696151733,2.2433223724365234,1.9939733743667603,7.262694358825684
5350,7.822376728057861,0.23120781779289246,15.182337760925293,4.71612674784912e-05,95.99825286865234,0.0,0.5,51.75210952758789,34.85552978515625,1.5703094005584717,2.1963248252868652,1.872370958328247,8.38161849975586
5355,7.832734107971191,0.25463369488716125,15.156200408935547,4.690350061498388e-05,71.68164825439453,0.0,0.5,62.623130798339844,42.2348518371582,1.8236148357391357,2.652663469314575,2.343000888824463,7.453923225402832
5360,7.720362663269043,0.1957041323184967,15.049317359924316,4.66475549455894e-05,52.7095947265625,0.0,0.5,46.60192108154297,30.089916229248047,1.4198896884918213,2.0378236770629883,1.703941822052002,7.6846771240234375
5365,7.83551025390625,0.2147696316242218,15.241480827331543,4.63934344173066e-05,149.05751037597656,0.0,0.5,47.69878387451172,33.847938537597656,1.3785459995269775,2.362130880355835,1.7641669511795044,7.528860569000244
5370,7.68387508392334,0.17802794277668,15.011693954467773,4.61411429489884e-05,93.81844329833984,0.0,0.5,48.197021484375,32.49418640136719,1.3547040224075317,2.042903423309326,1.7685794830322266,7.127713203430176
5375,7.853993892669678,0.28129151463508606,15.145404815673828,4.5890684431281286e-05,78.48407745361328,0.0,0.5,62.46488571166992,42.148094177246094,1.7612440586090088,2.5962276458740234,2.327437400817871,7.136602401733398
5380,7.801899433135986,0.2730962634086609,15.05760669708252,4.564206272656551e-05,285.8977355957031,0.0,0.5,57.00652313232422,39.29680252075195,1.5555930137634277,2.3132944107055664,2.1090588569641113,8.130440711975098
5385,7.76485538482666,0.2250521332025528,15.079606056213379,4.539528166889526e-05,26.990629196166992,0.0,0.5,59.468299865722656,41.04067611694336,1.7875185012817383,2.346996307373047,2.2484664916992188,8.026261329650879
5390,7.838225841522217,0.2936978042125702,15.089056015014648,4.515034506393973e-05,101.53939056396484,0.0,0.5,53.76716613769531,36.54252243041992,1.6363916397094727,2.5054802894592285,2.010558605194092,6.805880546569824
5395,7.848559856414795,0.2532314956188202,15.190656661987305,4.49072566889244e-05,34.43756103515625,0.0,0.5,64.12289428710938,40.988616943359375,1.6781883239746094,2.3985347747802734,2.32731556892395,8.157598495483398
5400,7.743109703063965,0.20745131373405457,15.071316719055176,4.4666020292572685e-05,130.6551055908203,0.0,0.5,52.6815071105957,35.67986297607422,1.4990134239196777,2.3190386295318604,1.9611999988555908,7.282385349273682
5405,7.759730815887451,0.23149628937244415,15.056468963623047,4.442663959504828e-05,33.51016616821289,0.0,0.5,53.1026611328125,35.822906494140625,1.459580421447754,2.2810592651367188,1.9784116744995117,7.5747833251953125
5410,7.78731632232666,0.24580347537994385,15.083025932312012,4.4189118287897645e-05,170.4276123046875,0.0,0.5,58.62555694580078,39.913330078125,1.6259874105453491,2.2497544288635254,2.123643636703491,7.259354114532471
5415,7.924793720245361,0.28418225049972534,15.28122329711914,4.3953460033993156e-05,146.02597045898438,0.0,0.5,59.90125274658203,38.62291717529297,1.5133572816848755,2.2235183715820312,2.2164058685302734,8.175405502319336
5420,7.734002590179443,0.1951548457145691,15.077695846557617,4.371966846747664e-05,23.586076736450195,0.0,0.5,52.093040466308594,35.93690872192383,1.4855915307998657,2.095531702041626,1.9082109928131104,7.639509201049805
5425,7.858521461486816,0.2930212914943695,15.131000518798828,4.348774719370328e-05,129.40406799316406,0.0,0.5,62.663429260253906,41.224815368652344,1.649808406829834,2.468097448348999,2.3246777057647705,7.977139472961426
5430,7.764192581176758,0.2093781679868698,15.109628677368164,4.3257699789185965e-05,34.957672119140625,0.0,0.5,56.944332122802734,40.797115325927734,1.4987409114837646,2.292997360229492,2.14186429977417,6.880631446838379
5435,7.689030170440674,0.21101470291614532,14.95603084564209,4.3029529801540296e-05,99.80265808105469,0.0,0.5,52.58185958862305,32.98052978515625,1.5253278017044067,2.2997312545776367,1.9465789794921875,7.335139751434326
5440,7.845675468444824,0.2373959720134735,15.216559410095215,4.280324074942972e-05,71.09095001220703,0.0,0.5,60.58790588378906,40.383811950683594,1.5389394760131836,2.4595565795898438,2.2552950382232666,7.36073112487793
5445,7.854402542114258,0.20108327269554138,15.306638717651367,4.257883612251138e-05,103.7849349975586,0.0,0.5,58.067161560058594,39.032684326171875,1.513854742050171,2.25986647605896,2.119274616241455,8.106059074401855
5450,7.854987144470215,0.30546805262565613,15.099038124084473,4.235631938138221e-05,49.83733367919922,0.0,0.5,56.93267059326172,38.506080627441406,1.5084037780761719,2.4696545600891113,2.100982427597046,7.750421524047852
5455,7.784765720367432,0.2128460556268692,15.143838882446289,4.213569395752559e-05,104.90349578857422,0.0,0.5,51.763458251953125,34.79433059692383,1.4849965572357178,2.36079740524292,1.875159740447998,7.3412089347839355
5460,7.813467502593994,0.2654014229774475,15.096132278442383,4.191696325325854e-05,147.3756103515625,0.0,0.5,50.37690734863281,35.90797424316406,1.5420031547546387,2.3398547172546387,1.9301148653030396,7.47294282913208
5465,7.903801918029785,0.27069783210754395,15.26620864868164,4.1700130641679065e-05,231.52328491210938,0.0,0.5,65.94401550292969,44.656578063964844,1.5216100215911865,2.2672271728515625,2.404026985168457,8.124958038330078
5470,7.791507720947266,0.22252631187438965,15.137962341308594,4.1485199466614273e-05,103.1336898803711,0.0,0.5,59.853782653808594,38.05503845214844,1.5479047298431396,2.322971820831299,2.1209030151367188,7.192951679229736
5475,7.848325729370117,0.26414287090301514,15.168365478515625,4.1272173042568766e-05,51.39091873168945,0.0,0.5,69.66024780273438,47.641204833984375,1.774268388748169,2.4994492530822754,2.595984697341919,8.850193977355957
5480,7.7331862449646,0.19822171330451965,15.069929122924805,4.106105465467357e-05,82.46173858642578,0.0,0.5,48.93217468261719,34.70174789428711,1.428673505783081,2.179643154144287,1.9203262329101562,7.064334869384766
5485,7.774810314178467,0.22381539642810822,15.10198974609375,4.085184755863532e-05,113.2471694946289,0.0,0.5,59.31990051269531,39.28179931640625,1.3775126934051514,2.2993152141571045,2.124131679534912,7.316403388977051
5490,7.873557090759277,0.2769872844219208,15.193140029907227,4.064455498068633e-05,143.90843200683594,0.0,0.5,57.337005615234375,39.18759536743164,1.5812753438949585,2.20215106010437,2.1360788345336914,7.259296417236328
5495,7.769430160522461,0.22680844366550446,15.085243225097656,4.043918011753449e-05,207.77662658691406,0.0,0.5,58.37407684326172,39.75702667236328,1.6918233633041382,2.3133256435394287,2.1298301219940186,7.722869396209717
5500,7.836410999298096,0.2352408617734909,15.202340126037598,4.0235726136314316e-05,43.888572692871094,0.0,0.5,60.78753662109375,41.11668395996094,1.636627435684204,2.2424445152282715,2.2334182262420654,7.283707618713379
5505,7.788219928741455,0.21450835466384888,15.147422790527344,4.003419617453787e-05,25.25941276550293,0.0,0.5,56.56787872314453,39.70159912109375,1.5498054027557373,2.1694419384002686,2.080385684967041,7.606673717498779
5510,7.694501876831055,0.1789138913154602,15.03117561340332,3.983459334004643e-05,62.845211029052734,0.0,0.5,56.72393798828125,36.889739990234375,1.4605047702789307,2.430445671081543,2.028972625732422,7.350824356079102
5515,7.833981037139893,0.1989959180355072,15.269969940185547,3.963692071096269e-05,44.41774368286133,0.0,0.5,53.3056755065918,37.25860595703125,1.5208450555801392,2.105926990509033,1.9985657930374146,8.159523963928223
5520,7.748083114624023,0.2281244695186615,15.0399169921875,3.944118133564304e-05,35.348209381103516,0.0,0.5,58.28453063964844,37.56242370605469,1.6611261367797852,2.1182103157043457,2.128512382507324,7.198791027069092
5525,7.8910813331604,0.29811179637908936,15.185938835144043,3.924737823263084e-05,55.60777282714844,0.0,0.5,60.985897064208984,40.58017349243164,1.6744158267974854,2.3547720909118652,2.2188637256622314,8.008340835571289
5530,7.812559604644775,0.24356114864349365,15.137996673583984,3.905551439060969e-05,78.04290008544922,0.0,0.5,50.16587829589844,32.37582778930664,1.3273894786834717,2.205139636993408,1.86728835105896,8.028318405151367
5535,7.777915954589844,0.24807842075824738,15.059675216674805,3.886559276835738e-05,107.44532775878906,0.0,0.5,47.14818572998047,31.480192184448242,1.3336217403411865,2.049072265625,1.6383634805679321,7.96898078918457
5540,7.730147838592529,0.2216726541519165,15.016950607299805,3.867761629470024e-05,108.86154174804688,0.0,0.5,55.530269622802734,36.99832534790039,1.4394125938415527,2.2208375930786133,2.016512393951416,7.841946125030518
5545,7.800670146942139,0.2631515860557556,15.075037002563477,3.849158786846807e-05,39.90576934814453,0.0,0.5,61.81526184082031,43.28643035888672,1.5440354347229004,2.395421028137207,2.345331907272339,8.184765815734863
5550,7.787318229675293,0.2571299076080322,15.06037712097168,3.8307510358449286e-05,96.63768768310547,0.0,0.5,54.36506271362305,37.003204345703125,1.4782873392105103,2.432304620742798,2.030233383178711,7.000732421875
5555,7.85520076751709,0.28019335865974426,15.150014877319336,3.812538660334685e-05,69.19291687011719,0.0,0.5,64.99551391601562,44.15498733520508,1.6494805812835693,2.3253228664398193,2.398318290710449,7.981295585632324
5560,7.845170497894287,0.21436353027820587,15.261613845825195,3.7945219411734336e-05,145.7396697998047,0.0,0.5,64.59062957763672,45.425209045410156,1.5263197422027588,2.358243227005005,2.448575735092163,7.694304466247559
5565,7.7093119621276855,0.2002619504928589,15.018099784851074,3.776701156201273e-05,30.609359741210938,0.0,0.5,59.17075729370117,39.28208923339844,1.522364616394043,2.1335344314575195,2.1125035285949707,7.587913513183594
5570,7.739224910736084,0.26899221539497375,14.940464973449707,3.7590765802367535e-05,73.0252914428711,0.0,0.5,53.65507125854492,36.999759674072266,1.411742925643921,2.346052646636963,1.9445387125015259,7.145298004150391
5575,7.804535865783691,0.2540039122104645,15.10106372833252,3.741648485072636e-05,51.41941452026367,0.0,0.5,51.0091552734375,35.5572395324707,1.5449135303497314,2.383666515350342,1.9250054359436035,7.708490371704102
5580,7.89286470413208,0.2449507862329483,15.295827865600586,3.7244171394717095e-05,102.6681137084961,0.0,0.5,62.719390869140625,41.447052001953125,1.588562250137329,2.4197211265563965,2.2864768505096436,8.8886137008667
5585,7.820470809936523,0.25434210896492004,15.132257461547852,3.707382809162638e-05,53.682655334472656,0.0,0.5,55.00693893432617,39.08723449707031,1.5522451400756836,2.3867862224578857,2.1069176197052,7.654767036437988
5590,7.748059272766113,0.2285967618227005,15.038925170898438,3.6905457568358725e-05,74.78865051269531,0.0,0.5,50.6292610168457,36.71139144897461,1.3866467475891113,2.2088871002197266,1.9571051597595215,7.54801082611084
5595,7.748015880584717,0.20899325609207153,15.078044891357422,3.6739062421395806e-05,108.52884674072266,0.0,0.5,61.58892822265625,41.70238494873047,1.5549423694610596,2.2775514125823975,2.209160804748535,7.4771857261657715
5599,7.789559841156006,0.23337364196777344,15.112372398376465,3.660737030015427e-05,0.0,16.816730499267578,0.5,61.58892822265625,41.70238494873047,1.5549423694610596,2.2775514125823975,2.209160804748535,7.4771857261657715
5600,7.759669303894043,0.2228517383337021,15.07363510131836,3.6574645216756704e-05,35.54479217529297,0.0,0.5,56.64592742919922,38.14181137084961,1.627180814743042,2.264832019805908,2.164099931716919,7.586761951446533
5605,7.754621505737305,0.2179831862449646,15.07327651977539,3.641220848995804e-05,68.98457336425781,0.0,0.5,56.5615348815918,36.78964614868164,1.6106252670288086,2.2967371940612793,2.1160144805908203,7.5877685546875
5610,7.793457508087158,0.2887357473373413,15.009443283081055,3.6251754745975145e-05,70.44291687011719,0.0,0.5,55.03733825683594,38.318206787109375,1.6779301166534424,2.506735324859619,2.0639331340789795,7.455469131469727
5615,7.7040486335754395,0.2468993365764618,14.914299011230469,3.60932864592032e-05,191.46176147460938,0.0,0.5,48.285308837890625,32.48905944824219,1.5250461101531982,2.219179153442383,1.7576217651367188,7.545888423919678
5620,7.8241424560546875,0.3097500503063202,15.02878475189209,3.593680607341925e-05,200.3457489013672,0.0,0.5,58.859458923339844,40.727745056152344,1.737299919128418,2.295992612838745,2.216846466064453,7.794622421264648
5625,7.774913311004639,0.21083399653434753,15.128158569335938,3.578231600174441e-05,100.51636505126953,0.0,0.5,50.323829650878906,33.17839050292969,1.3761465549468994,2.2245659828186035,1.8252079486846924,7.262009620666504
5630,7.794386386871338,0.2679060101509094,15.052960395812988,3.562981862660666e-05,320.436767578125,0.0,0.5,54.60551071166992,37.02363204956055,1.583150863647461,2.306825637817383,2.0084850788116455,7.610998153686523
5635,7.7455949783325195,0.23599626123905182,15.019197463989258,3.5479316299704226e-05,92.59490203857422,0.0,0.5,66.57217407226562,44.79349136352539,1.572080373764038,2.344571113586426,2.4682016372680664,7.9342851638793945
5640,7.813074588775635,0.24513857066631317,15.135871887207031,3.5330811341969136e-05,133.95375061035156,0.0,0.5,48.909149169921875,35.270503997802734,1.3684241771697998,2.2767586708068848,1.8553848266601562,7.383241176605225
5645,7.799190044403076,0.2640340030193329,15.0703125,3.518430604353159e-05,177.88037109375,0.0,0.5,56.82495880126953,38.69969177246094,1.4907145500183105,2.51171875,2.158491373062134,7.336570739746094
5650,7.820219993591309,0.2773986756801605,15.08564281463623,3.503980266368447e-05,100.867919921875,0.0,0.5,55.371437072753906,36.40241241455078,1.5338845252990723,2.3112878799438477,2.011845111846924,7.482768535614014
5655,7.791012763977051,0.25327637791633606,15.075472831726074,3.4897303430848686e-05,171.83908081054688,0.0,0.5,51.7456169128418,36.92789840698242,1.6146206855773926,2.2806248664855957,1.9470670223236084,7.769818305969238
5660,7.751269817352295,0.25067928433418274,15.001180648803711,3.475681054253869e-05,203.32203674316406,0.0,0.5,52.1620979309082,34.825843811035156,1.3814723491668701,2.0411014556884766,1.8962411880493164,6.673038482666016
5665,7.692245960235596,0.22683078050613403,14.930830001831055,3.461832616532861e-05,107.25262451171875,0.0,0.5,45.709720611572266,31.911922454833984,1.2779264450073242,2.1420793533325195,1.6559531688690186,6.890989303588867
5670,7.785550594329834,0.23062697052955627,15.109847068786621,3.448185243481885e-05,273.8744812011719,0.0,0.5,56.20753860473633,40.231475830078125,1.4308712482452393,2.0993492603302,2.0795559883117676,7.895461082458496
5675,7.770073890686035,0.22912833094596863,15.081891059875488,3.434739145560318e-05,113.54962921142578,0.0,0.5,51.58843994140625,36.78997802734375,1.3639845848083496,2.367837429046631,1.9397332668304443,6.54981803894043
5680,7.7583160400390625,0.2840607166290283,14.948511123657227,3.421494530123619e-05,130.6007080078125,0.0,0.5,58.05986785888672,39.01200866699219,1.6047723293304443,2.401736259460449,2.14528489112854,8.252155303955078
5685,7.811227321624756,0.25159332156181335,15.119268417358398,3.408451601420148e-05,142.56378173828125,0.0,0.5,49.486236572265625,32.530548095703125,1.5117123126983643,2.198017120361328,1.7988622188568115,8.000879287719727
5690,7.845019817352295,0.3014625310897827,15.087114334106445,3.3956105605879976e-05,235.29226684570312,0.0,0.5,54.040523529052734,37.381561279296875,1.364900827407837,2.340768814086914,2.022171974182129,7.213000297546387
5695,7.776270389556885,0.2512785792350769,15.049983978271484,3.3829716056519015e-05,150.62216186523438,0.0,0.5,49.17161560058594,33.19670486450195,1.3846795558929443,2.2314562797546387,1.8146462440490723,6.90977668762207
5700,7.822411060333252,0.29655522108078003,15.051712036132812,3.370534931520184e-05,108.39107513427734,0.0,0.5,62.726043701171875,41.09939956665039,1.7356719970703125,2.351228952407837,2.334040641784668,7.828271865844727
5705,7.816212177276611,0.22271041572093964,15.187003135681152,3.358300729981741e-05,37.00979232788086,0.0,0.5,58.584800720214844,41.445159912109375,1.4745192527770996,2.5235986709594727,2.147392988204956,7.056796073913574
5710,7.80740213394165,0.21292224526405334,15.188960075378418,3.346269189703096e-05,160.11940002441406,0.0,0.5,52.70143127441406,35.40885925292969,1.4341819286346436,2.2039365768432617,1.9181702136993408,7.322453022003174
5715,7.7962517738342285,0.26193517446517944,15.068633079528809,3.334440496225484e-05,161.43142700195312,0.0,0.5,52.978004455566406,36.419960021972656,1.500998854637146,2.4841670989990234,1.9074692726135254,7.638428688049316
5720,7.772967338562012,0.2534787058830261,15.03897762298584,3.322814831961991e-05,213.32861328125,0.0,0.5,56.651580810546875,38.08483123779297,1.6554720401763916,2.350212812423706,2.0854692459106445,7.988554000854492
5725,7.828409194946289,0.266475647687912,15.12386703491211,3.311392376194743e-05,60.337257385253906,0.0,0.5,49.878944396972656,33.301170349121094,1.5402042865753174,2.4311399459838867,1.8116899728775024,7.033818244934082
5730,7.79905366897583,0.2840203642845154,15.03006649017334,3.3001733050721366e-05,263.0736083984375,0.0,0.5,57.300514221191406,39.29402542114258,1.4607856273651123,2.2182631492614746,2.1026718616485596,7.763181209564209
5735,7.805185317993164,0.2815456688404083,15.047279357910156,3.289157791606127e-05,61.67051696777344,0.0,0.5,54.08765411376953,37.98308181762695,1.4557757377624512,2.235788345336914,1.9921284914016724,7.959345817565918
5740,7.8955397605896,0.32750988006591797,15.136059761047363,3.2783460056695594e-05,468.4093017578125,0.0,0.5,56.110206604003906,39.95897674560547,1.4240341186523438,2.414118766784668,2.090691089630127,7.126426696777344
5745,7.6841044425964355,0.18351110816001892,15.00118637084961,3.267738113993548e-05,40.40578842163086,0.0,0.5,56.68168640136719,39.87233352661133,1.401682734489441,2.1665570735931396,2.086465358734131,7.061871528625488
5750,7.691239356994629,0.18657788634300232,15.009323120117188,3.257334280164903e-05,95.99668884277344,0.0,0.5,53.10211944580078,37.23450469970703,1.3656368255615234,2.291193723678589,1.9170845746994019,6.820858001708984
5755,7.797996997833252,0.2345571368932724,15.126879692077637,3.2471346646236165e-05,176.3929901123047,0.0,0.5,59.166175842285156,39.818359375,1.6078181266784668,2.205531597137451,2.150306224822998,7.794887065887451
5760,7.773190975189209,0.28772780299186707,14.970926284790039,3.2371394246603726e-05,85.0967025756836,0.0,0.5,49.33695983886719,34.09300231933594,1.4251184463500977,2.267463445663452,1.7947990894317627,6.5873212814331055
5765,7.807577133178711,0.25986602902412415,15.09542179107666,3.227348714414139e-05,68.74188995361328,0.0,0.5,47.35091781616211,33.208824157714844,1.353135108947754,2.249271869659424,1.7533345222473145,7.511331558227539
5770,7.728543758392334,0.2700342535972595,14.91701889038086,3.21776268486978e-05,248.23638916015625,0.0,0.5,53.903324127197266,38.52054977416992,1.4146080017089844,2.250912666320801,2.0514917373657227,7.336771011352539
5775,7.761119842529297,0.2330981343984604,15.05604362487793,3.208381483855728e-05,125.6207504272461,0.0,0.5,52.19174575805664,36.40790557861328,1.4267064332962036,2.1631014347076416,1.9026557207107544,7.799365997314453
5780,7.775074005126953,0.21185971796512604,15.126428604125977,3.1992052560417086e-05,27.066370010375977,0.0,0.5,52.71196746826172,35.71711349487305,1.579953670501709,2.2881956100463867,1.9382266998291016,7.298772811889648
5785,7.856124401092529,0.2768283486366272,15.158592224121094,3.190234142936505e-05,172.1851348876953,0.0,0.5,58.99413299560547,39.952239990234375,1.6542918682098389,2.3881399631500244,2.1737279891967773,7.798891067504883
5790,7.781320571899414,0.24233895540237427,15.077962875366211,3.181468282885782e-05,153.9023895263672,0.0,0.5,55.19800567626953,36.972965240478516,1.3848092555999756,2.316131591796875,1.9593530893325806,7.999200820922852
5795,7.766313076019287,0.21531248092651367,15.102001190185547,3.1729078110699414e-05,86.48560333251953,0.0,0.5,56.194053649902344,39.033409118652344,1.587997317314148,2.479790687561035,2.1277284622192383,7.489041805267334
5800,7.7420244216918945,0.23912698030471802,15.005794525146484,3.1645528595020503e-05,33.813838958740234,0.0,0.5,47.42796325683594,32.925498962402344,1.428085446357727,2.186945915222168,1.7776118516921997,7.081422328948975
5805,7.702780246734619,0.18181763589382172,15.041925430297852,3.1564035570257987e-05,133.85768127441406,0.0,0.5,50.430419921875,36.01390075683594,1.454076886177063,2.069815158843994,1.8932301998138428,7.4432220458984375
5810,7.851082801818848,0.2376621961593628,15.22684097290039,3.1484600293135125e-05,22.183284759521484,0.0,0.5,58.30514907836914,40.13966369628906,1.5663001537322998,2.4739718437194824,2.1923067569732666,7.846198081970215
5815,7.802298069000244,0.22111079096794128,15.162374496459961,3.140722398864213e-05,246.28927612304688,0.0,0.5,58.22687911987305,38.06757354736328,1.5861105918884277,2.377441883087158,2.1305108070373535,7.2478132247924805
5820,7.745964050292969,0.21507294476032257,15.061781883239746,3.133190785001733e-05,73.26731872558594,0.0,0.5,53.7071533203125,35.51573944091797,1.578373670578003,2.271481513977051,1.9810433387756348,7.621675968170166
5825,7.701504707336426,0.20044802129268646,15.002113342285156,3.125865303872879e-05,167.75189208984375,0.0,0.5,45.667152404785156,31.840007781982422,1.3230202198028564,1.957089900970459,1.6484287977218628,7.265250205993652
5830,7.746213436126709,0.23548507690429688,15.021456718444824,3.118746068445629e-05,105.97341918945312,0.0,0.5,59.29737854003906,38.99734878540039,1.5876284837722778,2.2196521759033203,2.1820297241210938,7.677768707275391
5835,7.778438091278076,0.2453881800174713,15.066100120544434,3.1118331885074025e-05,98.83863067626953,0.0,0.5,53.211944580078125,37.08686828613281,1.543842077255249,2.400494337081909,1.941636323928833,8.297958374023438
5840,7.786789417266846,0.25424349308013916,15.065092086791992,3.105126770663358e-05,55.01351547241211,0.0,0.5,57.450294494628906,37.363365173339844,1.4095368385314941,2.295931577682495,2.0747475624084473,8.105464935302734
5845,7.70435905456543,0.17767119407653809,15.053375244140625,3.098626918334754e-05,95.89276885986328,0.0,0.5,53.285888671875,36.412139892578125,1.5995769500732422,2.2653250694274902,1.9107755422592163,7.321722507476807
5850,7.657554626464844,0.22248363494873047,14.870141983032227,3.0923337317573554e-05,190.4556884765625,0.0,0.5,47.63917541503906,32.782264709472656,1.3841218948364258,2.295620918273926,1.776599645614624,7.110319137573242
5855,7.782739162445068,0.21883679926395416,15.12780475616455,3.086247307979887e-05,85.76850891113281,0.0,0.5,61.2079963684082,41.05397033691406,1.5938901901245117,2.3762083053588867,2.1850454807281494,7.009357452392578
5860,7.799552917480469,0.26278218626976013,15.073541641235352,3.080367740862528e-05,163.3587646484375,0.0,0.5,64.35940551757812,42.84514617919922,1.500248670578003,2.4270644187927246,2.4087870121002197,7.442244052886963
5865,7.716320037841797,0.2595403492450714,14.913558959960938,3.07469512107548e-05,42.68519973754883,0.0,0.5,50.71540832519531,35.473960876464844,1.5258220434188843,2.1013927459716797,1.9814422130584717,6.801608085632324
5870,7.821052551269531,0.255914568901062,15.13027572631836,3.0692295360975556e-05,86.28961944580078,0.0,0.5,48.512874603271484,34.187400817871094,1.5050530433654785,2.3387339115142822,1.804605484008789,7.91465425491333
5875,7.858057975769043,0.27931222319602966,15.157491683959961,3.063971070214838e-05,79.72747802734375,0.0,0.5,57.355674743652344,40.42634582519531,1.5374975204467773,2.167059898376465,2.1267001628875732,8.261348724365234
5880,7.736912727355957,0.20896902680397034,15.055887222290039,3.0589198045193744e-05,79.56488037109375,0.0,0.5,48.41297912597656,35.42158889770508,1.3767484426498413,2.278374671936035,1.7847411632537842,7.930983543395996
5885,7.690701961517334,0.19141210615634918,14.998579978942871,3.0540758169079326e-05,42.714683532714844,0.0,0.5,46.806190490722656,30.74576187133789,1.2984644174575806,2.2653846740722656,1.6720337867736816,7.148799896240234
5890,7.748654842376709,0.23537476360797882,15.026559829711914,3.0494391820807912e-05,77.27482604980469,0.0,0.5,49.45660400390625,35.49042510986328,1.5191218852996826,2.2676916122436523,1.8176040649414062,7.819148063659668
5895,7.726648807525635,0.2037339061498642,15.045829772949219,3.0450099715405968e-05,52.03408432006836,0.0,0.5,50.98986053466797,34.53886413574219,1.4897680282592773,2.1550865173339844,1.8546278476715088,6.602710723876953
5900,7.845492362976074,0.281998872756958,15.126986503601074,3.0407882535912543e-05,81.26170349121094,0.0,0.5,56.87758255004883,38.528663635253906,1.7117598056793213,2.258352279663086,2.1169145107269287,7.214382648468018
5905,7.777703285217285,0.2152106761932373,15.124984741210938,3.036774093336879e-05,100.74183654785156,0.0,0.5,48.92221450805664,34.227684020996094,1.4070138931274414,2.340449333190918,1.8637551069259644,7.416892051696777
5910,7.847071170806885,0.23419255018234253,15.225757598876953,3.0329675526807856e-05,76.47081756591797,0.0,0.5,51.33272933959961,34.28643035888672,1.3921890258789062,2.228740692138672,1.9316377639770508,7.682927131652832
5915,7.783790111541748,0.23614627122879028,15.095287322998047,3.02936869032454e-05,226.45321655273438,0.0,0.5,57.189945220947266,40.46770095825195,1.4359016418457031,2.289623260498047,2.156367778778076,8.10411262512207
5920,7.796494960784912,0.24629856646060944,15.10039234161377,3.0259775617670533e-05,57.23196792602539,0.0,0.5,45.610496520996094,31.344240188598633,1.3181145191192627,2.0690665245056152,1.6590092182159424,7.638355255126953
5925,7.8670878410339355,0.33442893624305725,15.06531810760498,3.0227942193037224e-05,35.06046676635742,0.0,0.5,54.28335189819336,36.90922546386719,1.492431640625,2.2733211517333984,2.0634050369262695,7.9332499504089355
5930,7.809668064117432,0.2886824607849121,15.041971206665039,3.0198187120256245e-05,182.9949493408203,0.0,0.5,48.825340270996094,33.588584899902344,1.3134407997131348,2.3481979370117188,1.8184726238250732,7.561809539794922
5935,7.786389350891113,0.21753817796707153,15.137701988220215,3.0170510858187642e-05,248.45831298828125,0.0,0.5,56.416961669921875,38.454498291015625,1.4114303588867188,2.280745029449463,2.075754165649414,7.1839447021484375
5940,7.67110013961792,0.21161387860774994,14.918972969055176,3.0144913833633613e-05,115.99372863769531,0.0,0.5,51.93022918701172,35.43681335449219,1.41152024269104,2.440797805786133,1.9195914268493652,7.392045974731445
5945,7.717087745666504,0.24865347146987915,14.936868667602539,3.0121396441331933e-05,62.09377670288086,0.0,0.5,54.90467071533203,36.70407485961914,1.6636263132095337,2.3741519451141357,2.0474345684051514,8.141742706298828
5950,7.726742744445801,0.2318897694349289,14.989706039428711,3.009995904394989e-05,38.943992614746094,0.0,0.5,47.74757385253906,31.273529052734375,1.3074100017547607,2.0851213932037354,1.6779391765594482,6.821430683135986
5955,7.793966293334961,0.2394871860742569,15.10895824432373,3.008060197207866e-05,90.0647201538086,0.0,0.5,63.34825897216797,43.852298736572266,1.6358015537261963,2.4983716011047363,2.331568717956543,7.358275413513184
5960,7.7262187004089355,0.24440737068653107,14.963623046875,3.0063325524228263e-05,46.697689056396484,0.0,0.5,56.135841369628906,37.122642517089844,1.552804708480835,2.239487648010254,2.0677783489227295,7.400351524353027
5965,7.839461803436279,0.2634141743183136,15.152094841003418,3.0048129966822865e-05,53.18844223022461,0.0,0.5,57.708168029785156,37.522727966308594,1.6112382411956787,2.3269541263580322,2.0757360458374023,7.3039655685424805
5970,7.828457355499268,0.2915986478328705,15.07371711730957,3.003501553419678e-05,210.76463317871094,0.0,0.5,49.941162109375,33.86418914794922,1.4750816822052002,2.200345516204834,1.8783462047576904,7.238953590393066
5975,7.780401229858398,0.21466726064682007,15.131467819213867,3.002398242859079e-05,81.36370849609375,0.0,0.5,49.94044494628906,32.83625793457031,1.453566551208496,1.9692916870117188,1.8143863677978516,7.3355207443237305
5980,7.736915111541748,0.21769282221794128,15.038444519042969,3.0015030820149008e-05,97.22425079345703,0.0,0.5,45.777645111083984,31.71743392944336,1.3231000900268555,2.135946750640869,1.6994673013687134,7.509787559509277
5985,7.738687992095947,0.20859119296073914,15.06019401550293,3.0008160846916313e-05,172.58694458007812,0.0,0.5,54.927947998046875,38.09541320800781,1.3904463052749634,2.163130521774292,1.980993390083313,6.881651401519775
5990,7.75795841217041,0.2761423587799072,14.963632583618164,3.0003372614836217e-05,108.83245086669922,0.0,0.5,48.24850082397461,33.95906448364258,1.378645658493042,2.1812515258789062,1.7935280799865723,7.286014556884766
5995,7.745179653167725,0.22961114346981049,15.031137466430664,3.000066619774914e-05,46.29831314086914,0.0,0.5,58.42241668701172,38.843017578125,1.5607308149337769,2.224202871322632,2.1473889350891113,8.060212135314941
5999,7.750925064086914,0.23898404836654663,15.023881912231445,0.0003,0.0,16.33467674255371,0.5,58.42241668701172,38.843017578125,1.5607308149337769,2.224202871322632,2.1473889350891113,8.060212135314941
6000,7.740642070770264,0.24617424607276917,14.988935470581055,0.00029999998959065173,326.7811584472656,0.0,0.5,56.50090026855469,38.265846252441406,1.4891961812973022,2.20162034034729,2.034717321395874,7.509007453918457
6005,7.8628082275390625,0.2109949141740799,15.303627014160156,0.00029999962526363125,106.60198211669922,0.0,0.5,54.0792236328125,37.346839904785156,1.466855764389038,2.204263210296631,2.013432502746582,7.232448101043701
6010,7.758512020111084,0.19427765905857086,15.12846851348877,0.0002999987404708031,223.18621826171875,0.0,0.5,56.510643005371094,39.650230407714844,1.6744909286499023,2.228199005126953,2.119448661804199,7.104361057281494
6015,8.001882553100586,0.3570275902748108,15.289709091186523,0.0002999973352155785,158.86221313476562,0.0,0.5,62.455902099609375,45.43465805053711,1.7053419351577759,2.0990071296691895,2.3918309211730957,8.747232437133789
6020,8.038908958435059,0.36606183648109436,15.345693588256836,0.00029999540950337506,252.64617919921875,0.0,0.5,70.23927307128906,49.20390319824219,2.3247342109680176,2.946829080581665,2.7167539596557617,8.325651168823242
6025,7.841465473175049,0.3176606595516205,15.047609329223633,0.00029999296334161705,116.68548583984375,0.0,0.5,62.099124908447266,43.0629997253418,1.8341267108917236,2.4505302906036377,2.310169219970703,8.872922897338867
6030,7.920624732971191,0.35018765926361084,15.140873908996582,0.0002999899967397352,76.78045654296875,0.0,0.5,63.446327209472656,43.5235595703125,1.8343855142593384,2.7136600017547607,2.3267147541046143,8.494832992553711
6035,7.798524379730225,0.28903529047966003,15.018978118896484,0.0002999865097091667,59.411739349365234,0.0,0.5,57.968772888183594,41.73418426513672,1.562357783317566,2.378504991531372,2.1802964210510254,8.415114402770996
6040,7.982304573059082,0.3663187623023987,15.231971740722656,0.0002999825022633551,171.89649963378906,0.0,0.5,56.956180572509766,43.738189697265625,1.7679216861724854,2.5848402976989746,2.1729397773742676,8.909502983093262
6045,7.940000057220459,0.2757067382335663,15.32858657836914,0.00029997797441775036,86.8086166381836,0.0,0.5,70.25509643554688,49.60397720336914,1.7393908500671387,2.349214553833008,2.622685432434082,7.481982231140137
6050,8.088714599609375,0.4204159379005432,15.336597442626953,0.0002999729261898088,403.6640930175781,0.0,0.5,69.7580337524414,48.941001892089844,2.2159814834594727,2.866291046142578,2.5959959030151367,7.5998687744140625
6055,7.995224475860596,0.300333172082901,15.389782905578613,0.00029996735759899284,117.81519317626953,0.0,0.5,60.688838958740234,41.464622497558594,1.8216127157211304,2.5018439292907715,2.23891544342041,8.17833137512207
6060,7.754856109619141,0.2497168630361557,15.010278701782227,0.0002999612686667712,148.1119842529297,0.0,0.5,64.65643310546875,46.929569244384766,1.8565566539764404,2.52142596244812,2.531643867492676,8.56475830078125
6065,7.789650917053223,0.24948057532310486,15.080340385437012,0.00029995465941661854,35.56392288208008,0.0,0.5,53.54969787597656,36.57589340209961,1.445893406867981,2.353883981704712,1.9552701711654663,8.429019927978516
6070,7.827856063842773,0.3256496787071228,15.004412651062012,0.00029994752987401566,37.31733322143555,0.0,0.5,51.81023406982422,34.585060119628906,1.5341527462005615,2.16428804397583,1.9155066013336182,7.315446376800537
6075,7.823840141296387,0.26752740144729614,15.112625122070312,0.00029993988006644923,88.10718536376953,0.0,0.5,52.12990951538086,34.946983337402344,1.3998136520385742,2.301098585128784,1.9356422424316406,7.056493282318115
6080,7.949763774871826,0.33770444989204407,15.22411823272705,0.0002999317100234115,80.73908996582031,0.0,0.5,59.88536834716797,42.99436950683594,1.6735137701034546,2.4567854404449463,2.303382158279419,7.579144477844238
6085,7.94666862487793,0.26735368371009827,15.358630180358887,0.0002999230197764007,88.10950469970703,0.0,0.5,54.31610107421875,37.51669692993164,1.483508586883545,2.344987630844116,1.9689149856567383,8.943367004394531
6090,8.346353530883789,0.48897382616996765,15.71475887298584,0.00029991380935892034,486.25299072265625,0.0,0.5,73.48290252685547,51.58405685424805,2.0169553756713867,2.757857322692871,2.7800796031951904,8.921677589416504
6095,7.895780563354492,0.29698166251182556,15.19759750366211,0.0002999040788064795,141.7554473876953,0.0,0.5,62.88807678222656,44.447509765625,1.6427359580993652,2.4333763122558594,2.3088176250457764,10.090998649597168
6100,8.072479248046875,0.3076575696468353,15.529643058776855,0.00029989382815659253,117.9386215209961,0.0,0.5,68.07296752929688,47.84144592285156,2.2553176879882812,2.5472524166107178,2.5433900356292725,10.637372970581055
6105,8.021272659301758,0.29750800132751465,15.447529792785645,0.0002998830574487789,258.897705078125,0.0,0.5,74.7230224609375,52.71732711791992,1.712484359741211,2.3683066368103027,2.823439598083496,9.318723678588867
6110,7.977937698364258,0.3657168745994568,15.224441528320312,0.00029987176672456297,164.06613159179688,0.0,0.5,55.431190490722656,39.415252685546875,1.5952346324920654,2.5186309814453125,2.119060516357422,6.832680702209473
6115,7.893353462219238,0.24905383586883545,15.288599014282227,0.0002998599560274741,123.42411804199219,0.0,0.5,57.64362335205078,39.619659423828125,1.6464636325836182,2.2986507415771484,2.1242103576660156,8.533697128295898
6120,7.783593654632568,0.196311354637146,15.174564361572266,0.0002998476254030462,59.60546112060547,0.0,0.5,51.07086944580078,37.13186264038086,1.4090790748596191,2.2079265117645264,1.865293025970459,6.929012298583984
6125,7.760399341583252,0.20271822810173035,15.115362167358398,0.00029983477489881765,161.28594970703125,0.0,0.5,44.802310943603516,31.384044647216797,1.4299726486206055,2.1971323490142822,1.630854845046997,6.880080699920654
6130,7.851057052612305,0.2516547441482544,15.19880485534668,0.0002998214045643313,101.28929901123047,0.0,0.5,54.741302490234375,38.17790985107422,1.6534180641174316,2.4117398262023926,2.0127058029174805,8.134599685668945
6135,7.817271709442139,0.2022576481103897,15.23002815246582,0.0002998075144511338,222.8411865234375,0.0,0.5,64.08956909179688,43.72255325317383,1.90897536277771,2.584045886993408,2.364260196685791,8.853811264038086
6140,7.985672950744629,0.3574638068675995,15.256418228149414,0.000299793104612776,250.50343322753906,0.0,0.5,57.26096725463867,38.50398254394531,1.7723077535629272,2.4255568981170654,2.067058563232422,7.363404273986816
6145,7.8215131759643555,0.28475743532180786,15.073511123657227,0.0002997781751048122,181.75906372070312,0.0,0.5,60.241981506347656,40.17518615722656,1.6448808908462524,2.616400718688965,2.241804838180542,7.437714099884033
6150,7.761508941650391,0.22082121670246124,15.081375122070312,0.00029976272598480056,117.43572998046875,0.0,0.5,58.02399444580078,40.52912139892578,1.511849045753479,2.3499364852905273,2.1336851119995117,7.24485969543457
6155,7.808177471160889,0.29339542984962463,15.029563903808594,0.00029974675731230205,272.4873046875,0.0,0.5,52.01202392578125,37.37290573120117,1.5583564043045044,2.300076484680176,1.9947948455810547,7.462789058685303
6160,8.010246276855469,0.3645746409893036,15.291342735290527,0.000299730269148881,143.75119018554688,0.0,0.5,57.513916015625,41.19366455078125,1.5780959129333496,2.337639808654785,2.1244144439697266,8.946035385131836
6165,7.8573102951049805,0.25051799416542053,15.213584899902344,0.00029971326155810445,56.92688751220703,0.0,0.5,68.86192321777344,49.51546096801758,1.8976941108703613,2.657813787460327,2.6087379455566406,9.197845458984375
6170,7.712038993835449,0.19615627825260162,15.03176498413086,0.0002996957346055419,198.2057342529297,0.0,0.5,57.77973937988281,37.69248962402344,1.6221202611923218,2.2503550052642822,2.1416616439819336,7.424288272857666
6175,7.834792137145996,0.26376163959503174,15.142061233520508,0.00029967768835876537,193.3812255859375,0.0,0.5,63.99699020385742,42.752593994140625,1.7287408113479614,2.7310168743133545,2.3289377689361572,7.784665107727051
6180,8.131991386413574,0.3800016939640045,15.503978729248047,0.0002996591228873487,101.30380249023438,0.0,0.5,74.32707214355469,48.89042663574219,1.6445157527923584,2.417107582092285,2.675417423248291,8.260377883911133
6185,8.066871643066406,0.27779391407966614,15.578155517578125,0.00029964003826286764,310.3108825683594,0.0,0.5,70.22135162353516,50.62439727783203,1.8178797960281372,2.532680034637451,2.6862425804138184,10.112564086914062
6190,8.00619125366211,0.27443259954452515,15.463517189025879,0.0002996204345588993,183.65716552734375,0.0,0.5,75.31815338134766,53.056434631347656,2.4133217334747314,3.0352444648742676,2.807450294494629,9.67698860168457
6195,7.983320713043213,0.3042904734611511,15.358060836791992,0.0002996003118510222,79.7224349975586,0.0,0.5,56.5555419921875,40.180328369140625,1.561590313911438,2.1855392456054688,2.101151943206787,7.852766990661621
6200,7.770044326782227,0.22088241577148438,15.098323822021484,0.0002995796702168156,46.27397155761719,0.0,0.5,54.54130172729492,37.530609130859375,1.656184434890747,2.1849169731140137,1.998713731765747,8.049967765808105
6205,7.822885036468506,0.26326778531074524,15.119234085083008,0.00029955850973585954,184.94708251953125,0.0,0.5,50.81744384765625,36.31693649291992,1.5258318185806274,2.3943357467651367,1.8813822269439697,8.741881370544434
6210,7.797964096069336,0.21774077415466309,15.160447120666504,0.0002995368304897342,45.29160690307617,0.0,0.5,63.726932525634766,45.22307586669922,1.653143048286438,2.528306007385254,2.407747745513916,7.530298233032227
6215,7.858847141265869,0.26802781224250793,15.181638717651367,0.00029951463256201993,68.43486022949219,0.0,0.5,56.68248748779297,40.00194549560547,1.4465601444244385,2.240156650543213,2.137180805206299,8.638904571533203
6220,7.916493892669678,0.292522132396698,15.247943878173828,0.00029949191603829674,65.06388854980469,0.0,0.5,61.028404235839844,42.10545349121094,1.692816972732544,2.4969096183776855,2.2770652770996094,8.479934692382812
6225,7.773214817047119,0.2393231987953186,15.06778335571289,0.00029946868100614373,117.64157104492188,0.0,0.5,65.03641510009766,43.921295166015625,1.5687930583953857,2.318315029144287,2.3641767501831055,7.416274547576904
6230,7.758277893066406,0.22430068254470825,15.067954063415527,0.00029944492755513947,95.95450592041016,0.0,0.5,50.2391357421875,36.03083801269531,1.5134302377700806,2.284200668334961,1.9294360876083374,7.0751953125
6235,7.784167289733887,0.20571208000183105,15.156909942626953,0.0002994206557768608,37.35409927368164,0.0,0.5,57.78197479248047,40.64142990112305,1.413474202156067,2.2363333702087402,2.0901966094970703,8.344898223876953
6240,7.859663963317871,0.28891855478286743,15.141490936279297,0.00029939586576488306,204.24258422851562,0.0,0.5,68.1304931640625,45.41539764404297,1.880889654159546,2.521278142929077,2.529019832611084,7.4083099365234375
6245,7.902285575866699,0.271036297082901,15.26249885559082,0.0002993705576147795,95.46916961669922,0.0,0.5,60.34367370605469,41.145408630371094,1.482245683670044,2.1399850845336914,2.2096965312957764,8.26846981048584
6250,7.803515434265137,0.22939282655715942,15.148244857788086,0.0002993447314241209,24.63520050048828,0.0,0.5,62.731651306152344,43.322967529296875,1.7761306762695312,2.4306793212890625,2.3571462631225586,8.491140365600586
6255,7.9272871017456055,0.3079614043235779,15.238651275634766,0.0002993183872924755,92.24333953857422,0.0,0.5,70.53424835205078,48.28669357299805,2.0490682125091553,2.7237329483032227,2.704340934753418,8.683707237243652
6260,7.823203086853027,0.2584943473339081,15.129417419433594,0.000299291525321408,57.83131790161133,0.0,0.5,60.87640380859375,41.202125549316406,1.669719934463501,2.407515525817871,2.2342450618743896,8.4851713180542
6265,7.828770637512207,0.2564067542552948,15.14472770690918,0.0002992641456144797,252.67391967773438,0.0,0.5,54.280330657958984,37.7049560546875,1.3406763076782227,2.1511635780334473,2.045231580734253,8.383798599243164
6270,7.76961612701416,0.23558788001537323,15.068056106567383,0.000299236248277248,23.89023208618164,0.0,0.5,55.459808349609375,38.839622497558594,1.520432710647583,2.255347728729248,2.092679500579834,7.22184944152832
6275,7.9872894287109375,0.2996199131011963,15.375338554382324,0.0002992078334172659,147.47128295898438,0.0,0.5,72.03620910644531,48.949676513671875,2.1873011589050293,3.000338554382324,2.679702043533325,8.2080078125
6280,7.9512410163879395,0.2504575848579407,15.401566505432129,0.0002991789011440815,129.1984405517578,0.0,0.5,62.03557205200195,43.793094635009766,1.7016775608062744,2.350058078765869,2.3128855228424072,9.83194351196289
6285,7.88748836517334,0.2614143192768097,15.252147674560547,0.0002991494515692378,193.3092498779297,0.0,0.5,69.69759368896484,48.46409225463867,2.0074410438537598,2.7914319038391113,2.590336799621582,7.468515396118164
6290,7.881239414215088,0.2775551676750183,15.207368850708008,0.0002991194848062722,40.88492202758789,0.0,0.5,62.50884246826172,44.241539001464844,1.4281498193740845,2.248257875442505,2.2965047359466553,7.76371955871582
6295,7.786512851715088,0.21187865734100342,15.14926815032959,0.0002990890009707158,54.14889144897461,0.0,0.5,53.466941833496094,38.21989440917969,1.5379592180252075,2.4171483516693115,2.019237995147705,7.8045501708984375
6300,7.80174446105957,0.24860747158527374,15.106273651123047,0.0002990580001800934,61.55923843383789,0.0,0.5,53.17325973510742,36.914764404296875,1.532982349395752,2.357008457183838,1.9900810718536377,8.452007293701172
6305,7.833036422729492,0.24552834033966064,15.175016403198242,0.0002990264825539228,45.843711853027344,0.0,0.5,56.50365447998047,36.802947998046875,1.616690993309021,2.4363176822662354,2.1169819831848145,7.232604503631592
6310,7.869058132171631,0.26237061619758606,15.213375091552734,0.00029899444821371426,209.4708251953125,0.0,0.5,61.01336669921875,41.69856262207031,1.751091718673706,2.3677978515625,2.2548210620880127,7.764809608459473
6315,7.824748516082764,0.25868648290634155,15.132123947143555,0.00029896189728297024,59.54562759399414,0.0,0.5,54.964725494384766,37.328617095947266,1.6091818809509277,2.1731319427490234,2.092442035675049,7.319371223449707
6320,7.787347793579102,0.26101601123809814,15.052663803100586,0.00029892882988718464,286.2410583496094,0.0,0.5,47.70672607421875,33.4156494140625,1.460838794708252,2.120765447616577,1.7406928539276123,7.197867393493652
6325,7.846107006072998,0.298604816198349,15.095004081726074,0.0002988952461538428,259.6698913574219,0.0,0.5,60.484596252441406,42.09788131713867,1.7686357498168945,2.712198495864868,2.329942226409912,8.28635025024414
6330,7.819955825805664,0.2864129841327667,15.067085266113281,0.00029886114621242036,100.3486328125,0.0,0.5,60.64919662475586,42.26438903808594,1.6611647605895996,2.446916103363037,2.287238121032715,8.157316207885742
6335,8.008096694946289,0.4219445586204529,15.172304153442383,0.0002988265301943834,331.0797119140625,0.0,0.5,54.975379943847656,39.29755783081055,1.6091744899749756,2.1591639518737793,2.0484116077423096,8.7059907913208
6340,7.923764228820801,0.26230090856552124,15.32292652130127,0.00029879139823318733,111.00773620605469,0.0,0.5,55.63692092895508,38.87702178955078,1.4761652946472168,2.1037275791168213,2.079341173171997,8.552668571472168
6345,8.01443099975586,0.31467610597610474,15.39950942993164,0.00029875575046427703,93.18047332763672,0.0,0.5,73.89269256591797,51.168006896972656,1.8536300659179688,2.9646902084350586,2.7929940223693848,8.63113784790039
6350,7.808408737182617,0.2610580325126648,15.094701766967773,0.0002987195870250858,135.3955535888672,0.0,0.5,53.947662353515625,37.58759689331055,1.559352159500122,2.100700855255127,2.0062825679779053,8.493932723999023
6355,7.7408647537231445,0.22615458071231842,15.029419898986816,0.0002986829080550349,63.38269805908203,0.0,0.5,51.96661376953125,36.08848571777344,1.5242575407028198,2.380523681640625,1.8798906803131104,7.282209873199463
6360,7.82502555847168,0.23649349808692932,15.177063941955566,0.0002986457136955332,151.2164764404297,0.0,0.5,61.75251770019531,42.4372673034668,1.6777385473251343,2.2431838512420654,2.30550479888916,9.054668426513672
6365,7.822003364562988,0.2976400852203369,15.048727035522461,0.00029860800408997685,121.30479431152344,0.0,0.5,62.056297302246094,42.429359436035156,1.9644619226455688,2.5582163333892822,2.2609236240386963,7.897422790527344
6370,7.839231967926025,0.291171669960022,15.096120834350586,0.00029856977938374796,40.670265197753906,0.0,0.5,50.24923324584961,36.61353302001953,1.4744043350219727,2.3699634075164795,1.8821502923965454,8.272384643554688
6375,8.058650016784668,0.2754768133163452,15.566347122192383,0.0002985310397242148,266.8039245605469,0.0,0.5,66.77018737792969,48.125,1.7919325828552246,2.5816080570220947,2.5745849609375,9.07090950012207
6380,7.9869465827941895,0.27674776315689087,15.420397758483887,0.0002984917852607309,230.3874969482422,0.0,0.5,75.69389343261719,53.78597640991211,2.0859861373901367,2.663062810897827,2.892889976501465,9.14177131652832
6385,7.826448917388916,0.24710281193256378,15.158692359924316,0.0002984520161446345,314.26629638671875,0.0,0.5,51.53419494628906,35.45294952392578,1.4374345541000366,2.0511984825134277,1.9209246635437012,7.132139205932617
6390,7.901737689971924,0.23708964884281158,15.329296112060547,0.000298411732529248,129.70103454589844,0.0,0.5,60.44881057739258,44.24116516113281,1.5529232025146484,2.2238481044769287,2.2398219108581543,10.364276885986328
6395,7.937556266784668,0.3288877308368683,15.217336654663086,0.0002983709345698772,264.8915710449219,0.0,0.5,75.21210479736328,52.36737823486328,2.3893938064575195,2.949957847595215,2.7954208850860596,9.351802825927734
6399,8.035341262817383,0.35854336619377136,15.353596687316895,0.0002983379259803436,0.0,17.165679931640625,0.5,75.21210479736328,52.36737823486328,2.3893938064575195,2.949957847595215,2.7954208850860596,9.351802825927734
6400,7.750141143798828,0.2333482801914215,15.033585548400879,0.00029832962242381123,131.57676696777344,0.0,0.5,60.402557373046875,42.92228317260742,1.402979850769043,2.120138645172119,2.2771739959716797,8.479007720947266
6405,7.8283305168151855,0.2593720555305481,15.137916564941406,0.00029828779625032116,83.96243286132812,0.0,0.5,51.1527099609375,36.09942626953125,1.4378039836883545,2.100605010986328,1.92642080783844,6.833165168762207
6410,8.126630783081055,0.4708005487918854,15.311660766601562,0.00029824545621066017,124.42497253417969,0.0,0.5,68.4722900390625,47.85786437988281,1.9617093801498413,2.7478435039520264,2.5294151306152344,8.398859977722168
6415,7.943639755249023,0.3144190013408661,15.258441925048828,0.00029820260246806216,157.56309509277344,0.0,0.5,70.4184341430664,49.089447021484375,1.8609899282455444,2.3220438957214355,2.578739881515503,9.919036865234375
6420,7.989129543304443,0.39512893557548523,15.18800163269043,0.00029815923518774183,212.9745330810547,0.0,0.5,64.36289978027344,45.41016387939453,1.963323712348938,2.906078577041626,2.469069004058838,7.849374771118164
6425,7.809075355529785,0.25097957253456116,15.116191864013672,0.00029811535453689366,226.81504821777344,0.0,0.5,59.80384063720703,42.08519744873047,1.6704769134521484,2.241565227508545,2.3074262142181396,7.4230804443359375
6430,8.038504600524902,0.3217582106590271,15.433492660522461,0.00029807096068469114,170.9235382080078,0.0,0.5,65.01622009277344,44.4599609375,1.519814133644104,2.164672374725342,2.39701771736145,7.973232269287109
6435,7.907720565795898,0.30387791991233826,15.207685470581055,0.0002980260538022866,96.27652740478516,0.0,0.5,67.28909301757812,46.91997528076172,1.8436592817306519,2.482943534851074,2.595837116241455,7.8132004737854
6440,8.062647819519043,0.29793688654899597,15.529422760009766,0.00029798063406281006,129.538818359375,0.0,0.5,74.5790023803711,54.40974426269531,1.996311902999878,2.6438751220703125,2.761587142944336,12.250434875488281
6445,7.874114036560059,0.31145498156547546,15.12531852722168,0.0002979347016413689,91.62493896484375,0.0,0.5,55.46562194824219,38.73556900024414,1.5163161754608154,2.068376064300537,2.0500738620758057,8.437641143798828
6450,7.915025234222412,0.3520554304122925,15.12593936920166,0.0002978882567150469,106.69292449951172,0.0,0.5,51.7452278137207,36.9795036315918,1.4938017129898071,2.4860668182373047,1.9156041145324707,7.530035972595215
6455,7.9034833908081055,0.3517360985279083,15.103494644165039,0.0002978412994629038,455.8366394042969,0.0,0.5,48.01448440551758,33.57399368286133,1.6897830963134766,2.346137046813965,1.7924442291259766,7.620729446411133
6460,8.050528526306152,0.37091580033302307,15.359225273132324,0.0002977938300659746,307.2762756347656,0.0,0.5,58.42053985595703,41.96866226196289,1.94064199924469,2.453094005584717,2.236262798309326,8.461771011352539
6465,7.967451095581055,0.30083632469177246,15.333229064941406,0.00029774584870726856,251.6374053955078,0.0,0.5,55.8557014465332,39.54485321044922,1.603752613067627,2.199514865875244,2.0818400382995605,8.546138763427734
6470,7.825261116027832,0.27205589413642883,15.106410026550293,0.00029769735557176895,549.0599365234375,0.0,0.5,54.808223724365234,38.80231475830078,1.4084503650665283,2.197601795196533,2.060326099395752,7.607367038726807
6475,7.935309886932373,0.29628121852874756,15.278057098388672,0.00029764835084643184,179.18836975097656,0.0,0.5,51.79008865356445,36.21059799194336,1.5412487983703613,2.138862133026123,1.9058384895324707,7.82470703125
6480,8.196056365966797,0.3223054111003876,15.747502326965332,0.00029759883472018587,342.42529296875,0.0,0.5,71.56034851074219,51.70928955078125,1.8444210290908813,2.3035385608673096,2.7166409492492676,8.241254806518555
6485,8.088417053222656,0.4442514479160309,15.288331985473633,0.0002975488073839312,347.9750671386719,0.0,0.5,69.8073959350586,50.323829650878906,2.27336049079895,3.012101888656616,2.568112373352051,9.531766891479492
6490,8.048937797546387,0.2854008972644806,15.527073860168457,0.0002974982690305389,303.116455078125,0.0,0.5,59.11099624633789,41.10029602050781,1.8373584747314453,2.6171555519104004,2.2233524322509766,9.802775382995605
6495,7.824541091918945,0.2032088339328766,15.242664337158203,0.00029744721985485004,101.85053253173828,0.0,0.5,55.01468276977539,38.125099182128906,1.4362521171569824,2.3475098609924316,2.0704376697540283,8.128876686096191
6500,7.77238130569458,0.24280144274234772,15.059159278869629,0.00029739566005367534,456.9598693847656,0.0,0.5,43.13379669189453,31.319988250732422,1.3483304977416992,2.3079729080200195,1.6431872844696045,7.153311729431152
6505,7.902041912078857,0.2752428650856018,15.2535982131958,0.00029734358982579377,249.36898803710938,0.0,0.5,55.90044403076172,39.88822555541992,1.5704994201660156,2.4030284881591797,2.178520679473877,7.509455680847168
6510,7.746955871582031,0.28103208541870117,14.93184757232666,0.00029729100937195247,286.8146057128906,0.0,0.5,45.79541015625,33.0843505859375,1.4320368766784668,2.199626922607422,1.7354209423065186,7.870645999908447
6515,7.803953170776367,0.2284068465232849,15.151092529296875,0.0002972379188948656,72.34329223632812,0.0,0.5,56.11627197265625,39.68165969848633,1.6911892890930176,2.3175711631774902,2.1297221183776855,7.991355895996094
6520,7.756046772003174,0.20985057950019836,15.092391967773438,0.0002971843185992134,185.07505798339844,0.0,0.5,50.883338928222656,35.477500915527344,1.6143290996551514,2.450723886489868,1.7799012660980225,7.412437438964844
6525,7.782515525817871,0.23014646768569946,15.104738235473633,0.0002971302086916419,190.3780059814453,0.0,0.5,52.07554244995117,36.036895751953125,1.5593217611312866,2.227524757385254,1.9620779752731323,7.268586158752441
6530,7.796317100524902,0.21604132652282715,15.160551071166992,0.00029707558938076175,81.59463500976562,0.0,0.5,54.26155090332031,38.75300979614258,1.5399441719055176,2.1452183723449707,2.0732486248016357,7.362210750579834
6535,8.026832580566406,0.3676583170890808,15.318347930908203,0.0002970204608771474,338.8976135253906,0.0,0.5,73.56610107421875,53.18512725830078,2.2837302684783936,2.8809289932250977,2.832066774368286,8.63597297668457
6540,7.716448783874512,0.21719089150428772,14.998516082763672,0.00029696482339333657,86.39945220947266,0.0,0.5,54.1786994934082,37.86447525024414,1.4390729665756226,2.4182119369506836,1.9617242813110352,7.839604377746582
6545,7.911232948303223,0.2471160888671875,15.32823371887207,0.0002969086771438291,104.24728393554688,0.0,0.5,67.6895980834961,45.554405212402344,1.834275245666504,2.7917776107788086,2.4737143516540527,7.074151515960693
6550,7.873818397521973,0.2087707817554474,15.330095291137695,0.0002968520223450864,246.11599731445312,0.0,0.5,51.02214813232422,35.96123504638672,1.5554478168487549,2.2338109016418457,1.923750400543213,8.100642204284668
6555,8.041086196899414,0.3106549382209778,15.460862159729004,0.00029679485921553045,358.8983459472656,0.0,0.5,76.41641235351562,54.264793395996094,1.8978018760681152,2.263474702835083,2.876753091812134,8.922513961791992
6560,7.99727201461792,0.3952270448207855,15.204090118408203,0.000296737187975543,124.5230941772461,0.0,0.5,64.8558349609375,46.158966064453125,1.481753945350647,2.3472161293029785,2.397468090057373,8.469474792480469
6565,7.795865058898926,0.2554396390914917,15.080850601196289,0.00029667900884746475,169.9190673828125,0.0,0.5,48.52104187011719,35.490318298339844,1.283180832862854,2.106046676635742,1.8713308572769165,7.9597368240356445
6570,7.936716556549072,0.27739107608795166,15.31865119934082,0.00029662032205559437,86.52873229980469,0.0,0.5,55.890342712402344,38.529571533203125,1.5972946882247925,2.407104730606079,2.1143600940704346,6.8786115646362305
6575,7.86671781539917,0.2599542438983917,15.213526725769043,0.0002965611278261879,190.8031005859375,0.0,0.5,62.22039031982422,41.61122131347656,1.6681478023529053,2.4481613636016846,2.3403944969177246,7.283299446105957
6580,7.894320011138916,0.24408011138439178,15.300479888916016,0.0002965014263874576,112.96879577636719,0.0,0.5,63.42508316040039,42.989994049072266,1.6998560428619385,2.3718624114990234,2.3807549476623535,7.488851547241211
6585,7.812392234802246,0.20748275518417358,15.209818840026855,0.00029644121796957115,193.04103088378906,0.0,0.5,66.33319854736328,46.56061935424805,1.8108830451965332,2.548557758331299,2.4573922157287598,9.167346954345703
6590,7.813796043395996,0.262426495552063,15.102739334106445,0.00029638050280465084,290.95758056640625,0.0,0.5,50.568626403808594,35.43886184692383,1.515200138092041,1.9111125469207764,1.875138759613037,7.60474967956543
6595,7.796890735626221,0.21155104041099548,15.170679092407227,0.00029631928112677276,153.52386474609375,0.0,0.5,53.57920837402344,36.416847229003906,1.443398356437683,2.2385988235473633,1.9497014284133911,7.653468132019043
6600,7.8015456199646,0.20049649477005005,15.20209789276123,0.0002962575531719655,53.82883071899414,0.0,0.5,59.85799026489258,41.39976119995117,1.80386483669281,2.434857130050659,2.2189559936523438,7.169332504272461
6605,7.965965270996094,0.24316230416297913,15.445606231689453,0.0002961953191782097,147.6142120361328,0.0,0.5,66.06306457519531,47.893402099609375,1.7446075677871704,2.4976038932800293,2.4649837017059326,8.077272415161133
6610,7.816593170166016,0.23373058438301086,15.165724754333496,0.00029613257938543693,132.7409210205078,0.0,0.5,50.54326629638672,35.86382293701172,1.494916319847107,2.20882248878479,1.8916656970977783,6.969681739807129
6615,7.877760887145996,0.16475380957126617,15.426013946533203,0.00029606933403552866,64.95820617675781,0.0,0.5,48.533939361572266,34.903526306152344,1.351987600326538,2.1141605377197266,1.8252480030059814,7.217461109161377
6620,7.79313850402832,0.2398567497730255,15.106563568115234,0.0002960055833723155,69.55760192871094,0.0,0.5,57.940162658691406,40.92864990234375,1.4649159908294678,2.2132716178894043,2.1381940841674805,8.211256980895996
6625,7.843196392059326,0.23688925802707672,15.212614059448242,0.0002959413276415763,140.9818572998047,0.0,0.5,63.37683868408203,44.89313507080078,1.9564640522003174,2.5827136039733887,2.378770589828491,9.294557571411133
6630,7.8560662269592285,0.3150877058506012,15.08195686340332,0.00029587656709103693,224.4310760498047,0.0,0.5,48.5613899230957,34.23759460449219,1.4753727912902832,2.113553524017334,1.8126461505889893,8.509794235229492
6635,8.066701889038086,0.393949031829834,15.34550666809082,0.0002958113019703696,480.7763977050781,0.0,0.5,76.1746826171875,51.83405303955078,2.263294219970703,2.9164977073669434,2.8965182304382324,7.867133140563965
6640,7.809370040893555,0.2392551153898239,15.140230178833008,0.00029574553253119176,50.177711486816406,0.0,0.5,59.74757385253906,43.27265167236328,1.7608041763305664,2.3332791328430176,2.2567005157470703,8.600617408752441
6645,8.066180229187012,0.35240066051483154,15.427558898925781,0.00029567925902706523,353.1547546386719,0.0,0.5,76.34324645996094,54.13330078125,1.6922954320907593,2.3206629753112793,2.844911813735962,8.46767807006836
6650,7.927984714508057,0.34071797132492065,15.17453384399414,0.00029561248171349505,258.9042053222656,0.0,0.5,62.589111328125,42.75352478027344,2.0318751335144043,2.6986827850341797,2.3114113807678223,7.517893314361572
6655,7.898404598236084,0.35619789361953735,15.084413528442383,0.0002955452008479287,213.9316864013672,0.0,0.5,55.302974700927734,40.590232849121094,1.5679068565368652,2.2316064834594727,2.047119617462158,7.470224380493164
6660,7.962034702301025,0.2556605637073517,15.412748336791992,0.000295477416689755,106.42517852783203,0.0,0.5,66.7775650024414,46.42745590209961,1.7518751621246338,2.634091377258301,2.5011448860168457,8.657633781433105
6665,7.776552200317383,0.2283289134502411,15.096446990966797,0.000295409129500303,175.77000427246094,0.0,0.5,54.6261100769043,37.48905944824219,1.8222407102584839,2.3117270469665527,2.0300168991088867,7.943295001983643
6670,7.836150646209717,0.25049570202827454,15.171309471130371,0.0002953403395428414,174.49447631835938,0.0,0.5,52.14280319213867,39.0675048828125,1.3888251781463623,2.086724042892456,1.9666718244552612,8.59266471862793
6675,7.817663192749023,0.25899770855903625,15.117330551147461,0.0002952710470825767,111.05101776123047,0.0,0.5,53.83526611328125,38.583702087402344,1.4286315441131592,2.1854960918426514,1.9765287637710571,7.435504913330078
6680,8.176375389099121,0.3898999094963074,15.57295036315918,0.00029520125238665333,74.48323822021484,0.0,0.5,96.76078796386719,64.6483383178711,2.418490171432495,2.979109525680542,3.653627395629883,9.893067359924316
6685,8.349568367004395,0.4524601995944977,15.794217109680176,0.00029513095572415146,140.5474395751953,0.0,0.5,91.10182189941406,62.48899841308594,2.812786817550659,3.4135305881500244,3.479771137237549,10.279407501220703
6690,8.001672744750977,0.26457372307777405,15.474198341369629,0.0002950601573660869,166.082763671875,0.0,0.5,66.9141845703125,46.006813049316406,1.9473843574523926,2.506654739379883,2.477189302444458,9.659466743469238
6695,7.969019412994385,0.27547112107276917,15.387096405029297,0.0002949888575854093,68.70362854003906,0.0,0.5,47.60598373413086,34.966224670410156,1.4711989164352417,2.327324390411377,1.8134396076202393,7.158814430236816
6700,7.911482334136963,0.252414345741272,15.318136215209961,0.00029491705665700174,105.60132598876953,0.0,0.5,68.19729614257812,48.355323791503906,1.620290756225586,2.459834575653076,2.548851490020752,7.926959991455078
6705,7.7930426597595215,0.21497012674808502,15.156145095825195,0.0002948447548576793,48.21049499511719,0.0,0.5,56.17044448852539,39.83221435546875,1.5169858932495117,2.089867115020752,2.115168333053589,7.239659309387207
6710,7.9408955574035645,0.2787927985191345,15.32420539855957,0.000294771952466188,116.81744384765625,0.0,0.5,59.161773681640625,41.24043273925781,1.7009316682815552,2.3042736053466797,2.3416223526000977,8.085983276367188
6715,7.981489181518555,0.319094181060791,15.324790000915527,0.00029469864976320383,39.16264343261719,0.0,0.5,65.14817810058594,46.93207931518555,1.6313433647155762,2.4063949584960938,2.4685137271881104,8.293421745300293
6720,7.858438968658447,0.23120467364788055,15.25446891784668,0.00029462484703133163,49.43975830078125,0.0,0.5,51.36903762817383,35.70185852050781,1.6752381324768066,2.3008737564086914,1.962249755859375,7.5414934158325195
6725,7.904879093170166,0.26255762577056885,15.284643173217773,0.0002945505445551041,61.27107238769531,0.0,0.5,60.349090576171875,41.259559631347656,1.6355946063995361,2.610100746154785,2.2329745292663574,7.19761848449707
6730,8.117682456970215,0.3432902693748474,15.548784255981445,0.0002944757426209805,379.3070068359375,0.0,0.5,60.92146301269531,43.687007904052734,1.6796568632125854,2.4775567054748535,2.3447983264923096,8.299579620361328
6735,7.917850494384766,0.27901342511177063,15.277673721313477,0.0002944004415173457,76.1998062133789,0.0,0.5,46.56627655029297,33.798831939697266,1.5071260929107666,2.174686908721924,1.76194167137146,8.43821907043457
6740,7.829537868499756,0.2640523612499237,15.13097095489502,0.00029432464153450905,216.7052001953125,0.0,0.5,60.35795974731445,42.96263122558594,1.5187335014343262,2.2754218578338623,2.2146592140197754,8.123743057250977
6745,7.896078586578369,0.2976377606391907,15.196881294250488,0.0002942483429647032,43.07826614379883,0.0,0.5,65.74168395996094,45.57872009277344,1.7652637958526611,2.516570806503296,2.5413284301757812,7.444131851196289
6750,7.924129486083984,0.33684271574020386,15.17457389831543,0.000294171546102083,178.0070037841797,0.0,0.5,65.60496520996094,46.07480239868164,1.85298490524292,2.4623217582702637,2.449890613555908,8.320259094238281
6755,8.017801284790039,0.3472805321216583,15.341041564941406,0.00029409425124272433,39.93746566772461,0.0,0.5,62.2449836730957,44.436248779296875,1.6672565937042236,2.4424991607666016,2.353623390197754,8.695281982421875
6760,8.196675300598145,0.45926111936569214,15.474828720092773,0.0002940164586846232,719.6920166015625,0.0,0.5,68.94619750976562,49.85944366455078,1.7533093690872192,2.5743789672851562,2.584338903427124,10.053772926330566
6765,7.992647171020508,0.29098010063171387,15.40333366394043,0.00029393816872769413,497.8106994628906,0.0,0.5,63.2846565246582,44.577877044677734,1.892238736152649,2.510502815246582,2.3590211868286133,8.615909576416016
6770,8.083948135375977,0.2883429229259491,15.59121036529541,0.00029385938167376957,440.3216247558594,0.0,0.5,73.3964614868164,49.80784606933594,2.1896846294403076,2.928297996520996,2.757779121398926,8.609792709350586
6775,7.87677001953125,0.2382413148880005,15.277057647705078,0.0002937800978265981,237.86277770996094,0.0,0.5,63.131568908691406,46.28092575073242,1.5432279109954834,2.356598138809204,2.3739495277404785,7.828690052032471
6780,7.918401718139648,0.33155328035354614,15.173696517944336,0.0002937003174918439,236.42393493652344,0.0,0.5,53.76447296142578,38.58763885498047,1.6222343444824219,2.3869166374206543,2.0640597343444824,7.742982864379883
6785,7.956196308135986,0.24740640819072723,15.417579650878906,0.00029362004097708503,158.60498046875,0.0,0.5,55.850345611572266,40.246578216552734,1.6237131357192993,2.286104679107666,2.1281886100769043,7.448889255523682
6790,7.873857498168945,0.2367781400680542,15.274158477783203,0.0002935392685918126,31.56837272644043,0.0,0.5,59.3549690246582,42.58228302001953,1.6474052667617798,2.179201126098633,2.215156078338623,7.379230499267578
6795,7.848970890045166,0.22826528549194336,15.241411209106445,0.00029345800064742945,128.91299438476562,0.0,0.5,61.23206329345703,41.30702209472656,1.7187752723693848,2.265157699584961,2.2124030590057373,8.710698127746582
6799,7.794185638427734,0.21680407226085663,15.154763221740723,0.0002933926296998457,0.0,16.45822525024414,0.5,61.23206329345703,41.30702209472656,1.7187752723693848,2.265157699584961,2.2124030590057373,8.710698127746582
6800,7.775886535644531,0.20213161408901215,15.147509574890137,0.00029337623745724905,26.439699172973633,0.0,0.5,53.544151306152344,38.84588623046875,1.4805293083190918,2.4957821369171143,1.9595614671707153,7.422589302062988
6805,7.966060161590576,0.22386102378368378,15.484397888183594,0.0002932939793364939,235.2741241455078,0.0,0.5,65.41835021972656,46.56724548339844,1.6523606777191162,2.3179125785827637,2.4613873958587646,8.291949272155762
6810,7.783071041107178,0.20266838371753693,15.160805702209473,0.0002932112266022949,77.76630401611328,0.0,0.5,54.21763610839844,38.753665924072266,1.4316411018371582,2.1024088859558105,2.0154387950897217,7.588111400604248
6815,7.8171000480651855,0.28001147508621216,15.074176788330078,0.00029312797957368976,306.2127685546875,0.0,0.5,54.02618408203125,40.02311706542969,1.6424074172973633,2.324981212615967,2.0400185585021973,8.22288703918457
6820,7.891246795654297,0.27007171511650085,15.242350578308105,0.0002930442385716217,172.5899200439453,0.0,0.5,58.285118103027344,41.46174621582031,1.8461356163024902,2.4835078716278076,2.212341070175171,7.296238899230957
6825,7.762495994567871,0.2100754678249359,15.104841232299805,0.00029296000391893873,76.20734405517578,0.0,0.5,58.511680603027344,41.7529296875,1.5081074237823486,2.349198818206787,2.2236618995666504,7.655148983001709
6830,7.806110382080078,0.2771301865577698,15.057960510253906,0.0002928752759403916,237.0095672607422,0.0,0.5,48.71952819824219,35.283241271972656,1.6265201568603516,2.2077572345733643,1.7738360166549683,7.885694980621338
6835,7.762551307678223,0.24106287956237793,15.042977333068848,0.0002927900549626332,97.66948699951172,0.0,0.5,42.332096099853516,31.974590301513672,1.374140977859497,2.0879201889038086,1.6412439346313477,7.09758186340332
6840,7.74678373336792,0.22186529636383057,15.049837112426758,0.00029270434131421715,68.01824951171875,0.0,0.5,44.78559875488281,32.24443054199219,1.4455227851867676,2.25294828414917,1.7138419151306152,7.448280334472656
6845,7.933104515075684,0.328748494386673,15.208711624145508,0.0002926181353255964,114.0182113647461,0.0,0.5,69.40674591064453,46.26300048828125,1.9494481086730957,2.5577454566955566,2.6036322116851807,8.605624198913574
6850,8.043658256530762,0.28880029916763306,15.509716033935547,0.0002925314373291219,236.13075256347656,0.0,0.5,63.83725357055664,46.310272216796875,1.8466479778289795,2.6399447917938232,2.383938789367676,7.841714859008789
6855,7.907247543334961,0.26894912123680115,15.276597023010254,0.0002924442476590417,366.43109130859375,0.0,0.5,74.3091812133789,52.53960037231445,1.9836583137512207,2.7438340187072754,2.831496238708496,9.225348472595215
6860,8.142892837524414,0.389906644821167,15.505971908569336,0.0002923565666514992,147.8429412841797,0.0,0.5,69.3360824584961,46.460205078125,1.925793170928955,2.6198198795318604,2.5159623622894287,8.462038040161133
6865,7.955012321472168,0.30888456106185913,15.292255401611328,0.00029226839464453205,68.05355072021484,0.0,0.5,60.865264892578125,43.370140075683594,1.6551719903945923,2.1944334506988525,2.2847704887390137,9.49203872680664
6870,8.071587562561035,0.2466166913509369,15.649941444396973,0.0002921797319780711,137.08311462402344,0.0,0.5,67.48356628417969,48.31006622314453,2.091193199157715,2.482107162475586,2.587557792663574,8.059429168701172
6875,8.101133346557617,0.41041818261146545,15.381429672241211,0.0002920905789939385,102.5565185546875,0.0,0.5,88.6346206665039,61.365543365478516,2.882859468460083,3.4104597568511963,3.2799088954925537,10.529558181762695
6880,7.867406845092773,0.31892678141593933,15.096960067749023,0.0002920009360358471,64.18672180175781,0.0,0.5,57.58008575439453,40.307838439941406,1.484314203262329,2.1602368354797363,2.2218286991119385,7.815768241882324
6885,7.865224361419678,0.25097718834877014,15.228494644165039,0.0002919108034493984,56.09087371826172,0.0,0.5,55.68178176879883,39.754093170166016,1.6742782592773438,2.1485915184020996,2.1078882217407227,7.889654159545898
6890,7.844268321990967,0.22634661197662354,15.235843658447266,0.0002918201815820818,247.57943725585938,0.0,0.5,58.425987243652344,41.02738952636719,1.630379319190979,2.4044456481933594,2.151737689971924,8.085637092590332
6895,7.887742519378662,0.25008705258369446,15.275310516357422,0.00029172907078327297,270.7498474121094,0.0,0.5,62.90036392211914,43.49284362792969,1.5512505769729614,2.3250765800476074,2.3210501670837402,8.042718887329102
6900,7.901031970977783,0.2625347077846527,15.276994705200195,0.0002916374714042325,107.4451675415039,0.0,0.5,56.86180877685547,37.118568420410156,1.575508713722229,2.269631862640381,2.0056710243225098,7.450638771057129
6905,7.786543846130371,0.23342332243919373,15.106241226196289,0.0002915453837981048,74.54218292236328,0.0,0.5,59.331092834472656,40.27934265136719,1.605940580368042,2.3061623573303223,2.1684317588806152,7.555761337280273
6910,8.026544570922852,0.2785382866859436,15.496011734008789,0.0002914528083199162,102.2240219116211,0.0,0.5,65.82202911376953,46.37460708618164,1.8315225839614868,2.528843402862549,2.444716453552246,7.875475883483887
6915,7.832996845245361,0.22153443098068237,15.222925186157227,0.00029135974532657426,172.2864990234375,0.0,0.5,51.66133117675781,36.996646881103516,1.532913088798523,2.297555446624756,1.9313085079193115,7.981249809265137
6920,7.81934928894043,0.24020430445671082,15.158289909362793,0.000291266195176866,73.61524200439453,0.0,0.5,51.119564056396484,35.26448059082031,1.5272125005722046,2.4232468605041504,1.8763761520385742,6.890119552612305
6925,7.778168201446533,0.25263306498527527,15.051070213317871,0.00029117215823145644,245.26344299316406,0.0,0.5,55.029666900634766,37.684635162353516,1.6066242456436157,2.2318315505981445,1.9708411693572998,7.467243194580078
6930,7.8949456214904785,0.2157621830701828,15.358366966247559,0.00029107763485288743,94.08966827392578,0.0,0.5,63.324546813964844,44.194793701171875,1.8707046508789062,2.536104202270508,2.32999587059021,8.064448356628418
6935,7.826624393463135,0.26736289262771606,15.118522644042969,0.0002909826254055763,243.85789489746094,0.0,0.5,53.44306564331055,36.46080780029297,1.6627496480941772,2.310076951980591,2.000450849533081,6.900050163269043
6940,7.8150787353515625,0.2485162317752838,15.133125305175781,0.00029088713025581404,86.68110656738281,0.0,0.5,53.602783203125,36.148780822753906,1.5505006313323975,2.341506242752075,1.9561916589736938,7.57667350769043
6945,7.756699085235596,0.30563706159591675,14.902124404907227,0.0002907911497717644,150.78701782226562,0.0,0.5,47.188011169433594,33.941429138183594,1.544447898864746,2.2179155349731445,1.7461881637573242,7.941793918609619
6950,7.962087154388428,0.3291301727294922,15.265913963317871,0.00029069468432346235,20.533241271972656,0.0,0.5,76.48263549804688,52.110958099365234,2.2865190505981445,2.996838092803955,2.8642783164978027,9.063699722290039
6955,7.9306960105896,0.28161102533340454,15.29817008972168,0.00029059773428281215,201.0848388671875,0.0,0.5,68.33333587646484,46.58538818359375,1.9263464212417603,2.6825363636016846,2.49281644821167,7.237201690673828
6960,7.9248762130737305,0.2470705509185791,15.355611801147461,0.0002905003000235866,43.09333801269531,0.0,0.5,53.89531707763672,35.58606719970703,1.519748568534851,2.4293019771575928,2.0155792236328125,6.833169937133789
6965,7.7967047691345215,0.18602216243743896,15.221364974975586,0.00029040238192142536,70.70740509033203,0.0,0.5,55.23760223388672,39.731361389160156,1.4262546300888062,2.133016347885132,2.029634952545166,7.439408779144287
6970,7.783636569976807,0.2028290033340454,15.161615371704102,0.0002903039803538333,155.97369384765625,0.0,0.5,57.479949951171875,40.55024719238281,1.5172624588012695,2.1607894897460938,2.159245729446411,7.231113433837891
6975,7.852455139160156,0.21902772784233093,15.266855239868164,0.00029020509570017926,187.8826141357422,0.0,0.5,54.69083786010742,36.13725280761719,1.5147531032562256,2.2225213050842285,1.9809563159942627,7.566555976867676
6980,7.8647871017456055,0.26426613330841064,15.201042175292969,0.0002901057283416945,152.6776123046875,0.0,0.5,53.93142318725586,38.725547790527344,1.516955018043518,2.3701698780059814,2.1075613498687744,7.200234413146973
6985,7.7452473640441895,0.22825376689434052,15.033987045288086,0.0002900058786614714,89.35892486572266,0.0,0.5,51.78630828857422,35.90665817260742,1.4891583919525146,2.1112656593322754,1.8938335180282593,6.350456237792969
6990,7.7854228019714355,0.20978616178035736,15.151273727416992,0.0002899055470444616,45.82200241088867,0.0,0.5,48.41404724121094,31.329410552978516,1.6061763763427734,2.4051036834716797,1.8349562883377075,7.594890117645264
6995,7.87193489074707,0.2860776484012604,15.171714782714844,0.00028980473387747496,121.03270721435547,0.0,0.5,50.16975402832031,33.53710174560547,1.3406238555908203,2.2920219898223877,1.803788185119629,8.22247314453125
7000,7.768860816955566,0.24887187778949738,15.03997802734375,0.00028970343954917775,43.56882095336914,0.0,0.5,51.60533905029297,34.86260986328125,1.4854528903961182,2.4026849269866943,1.9037022590637207,7.561014175415039
7005,7.817685604095459,0.2726494073867798,15.090072631835938,0.0002896016644500913,76.57833862304688,0.0,0.5,60.11384582519531,40.58776092529297,1.7395799160003662,2.3951475620269775,2.194209098815918,7.366464614868164
7010,7.724320411682129,0.20135346055030823,15.045933723449707,0.0002894994089725905,36.04576110839844,0.0,0.5,60.91383361816406,40.997955322265625,1.6975051164627075,2.367861270904541,2.271406650543213,6.993184566497803
7015,7.847478866577148,0.21031472086906433,15.274328231811523,0.00028939667351090225,76.80776977539062,0.0,0.5,60.89668273925781,41.895423889160156,1.6020383834838867,2.372657299041748,2.2961244583129883,8.10471248626709
7020,7.717875957489014,0.19259226322174072,15.050567626953125,0.00028929345846110386,46.98756408691406,0.0,0.5,48.079261779785156,32.08538818359375,1.5133616924285889,2.328582525253296,1.7162208557128906,7.211864948272705
7025,7.755031108856201,0.21795234084129333,15.07415771484375,0.0002891897642211217,73.58702850341797,0.0,0.5,50.549888610839844,36.2772216796875,1.4066792726516724,2.287034511566162,1.9083330631256104,7.014540672302246
7030,7.818852424621582,0.23411007225513458,15.169485092163086,0.00028908559119072947,189.63990783691406,0.0,0.5,55.398948669433594,37.59727478027344,1.5523778200149536,2.1581504344940186,2.023587226867676,7.345841407775879
7035,7.876497268676758,0.2681088447570801,15.216776847839355,0.0002889809397715468,60.42192840576172,0.0,0.5,50.50645446777344,34.925331115722656,1.291162133216858,2.198850393295288,1.8980090618133545,8.190232276916504
7040,7.800411701202393,0.25129610300064087,15.098231315612793,0.0002888758103670377,121.78169250488281,0.0,0.5,55.51045227050781,39.134368896484375,1.5435194969177246,2.257255792617798,2.088808059692383,7.0808844566345215
7045,7.8731231689453125,0.2245779186487198,15.297090530395508,0.0002887702033825089,140.91477966308594,0.0,0.5,55.81793212890625,38.128700256347656,1.7115294933319092,2.443436861038208,2.045266628265381,7.300744533538818
7050,7.788689613342285,0.2310466170310974,15.115285873413086,0.0002886641192251084,151.57456970214844,0.0,0.5,57.075355529785156,36.17961883544922,1.4641350507736206,2.2219669818878174,2.0968103408813477,6.748963832855225
7055,7.821264266967773,0.2939368486404419,15.054655075073242,0.00028855755830382385,227.44561767578125,0.0,0.5,47.19052505493164,32.88029098510742,1.3670024871826172,2.235116958618164,1.7468639612197876,7.425368309020996
7060,7.869922161102295,0.27224186062812805,15.19536018371582,0.0002884505210294809,41.60207748413086,0.0,0.5,47.62232971191406,33.693824768066406,1.3333280086517334,2.2754969596862793,1.7430058717727661,7.323224067687988
7065,7.730020523071289,0.2589114010334015,14.942217826843262,0.0002883430078147418,81.70614624023438,0.0,0.5,49.47991180419922,35.410438537597656,1.428301215171814,2.111224412918091,1.8314862251281738,6.991141319274902
7070,7.768340110778809,0.21677197515964508,15.10313606262207,0.00028823501907410354,101.98599243164062,0.0,0.5,50.92683410644531,36.70363235473633,1.443877935409546,2.257493257522583,1.8796664476394653,7.039210796356201
7075,7.899691104888916,0.2299714982509613,15.339439392089844,0.0002881265552238967,135.7412567138672,0.0,0.5,70.11620330810547,46.409854888916016,1.8270565271377563,2.6412768363952637,2.59407639503479,7.842423439025879
7080,7.8342180252075195,0.19869613647460938,15.27104377746582,0.00028801761668228315,102.57283782958984,0.0,0.5,57.19977569580078,38.82292938232422,1.4555704593658447,2.2783756256103516,2.0336151123046875,7.431580543518066
7085,7.856630802154541,0.25783678889274597,15.197587966918945,0.0002879082038692552,134.3473358154297,0.0,0.5,47.36518478393555,33.490936279296875,1.4398560523986816,2.0685665607452393,1.7756866216659546,7.210155010223389
7090,7.805642604827881,0.2309248298406601,15.149435997009277,0.00028779831720663344,201.2652587890625,0.0,0.5,53.97954559326172,38.16956329345703,1.5137734413146973,2.4572129249572754,2.0065762996673584,7.793819904327393
7095,7.831684589385986,0.21919380128383636,15.224981307983398,0.0002876879571180654,250.8709716796875,0.0,0.5,57.75382995605469,39.983272552490234,1.5075185298919678,2.086974859237671,2.1187100410461426,6.919159412384033
7100,7.763930797576904,0.21855200827121735,15.090757369995117,0.0002875771240290237,310.4674987792969,0.0,0.5,48.954322814941406,32.399532318115234,1.42642343044281,2.280195474624634,1.7465462684631348,7.80684757232666
7105,7.75901460647583,0.21058432757854462,15.096860885620117,0.00028746581836680465,60.66322708129883,0.0,0.5,52.276344299316406,36.368900299072266,1.606202244758606,2.476581573486328,1.9507172107696533,7.151411056518555
7110,7.907073974609375,0.1917814165353775,15.430584907531738,0.0002873540405605263,98.23932647705078,0.0,0.5,66.0704116821289,44.776153564453125,1.7736059427261353,2.441666603088379,2.3999290466308594,8.298274993896484
7115,7.846540451049805,0.22710058093070984,15.238880157470703,0.0002872417910411272,42.231719970703125,0.0,0.5,54.88080596923828,39.429988861083984,1.5622289180755615,2.3603641986846924,2.0780222415924072,8.071822166442871
7120,7.7107625007629395,0.1877339482307434,15.046056747436523,0.00028712907024136433,150.0251922607422,0.0,0.5,49.160396575927734,33.8768196105957,1.5561482906341553,2.302140951156616,1.8657158613204956,7.873930931091309
7125,7.8685455322265625,0.23714351654052734,15.26280403137207,0.00028701587859581167,43.98854446411133,0.0,0.5,55.37742614746094,37.47895431518555,1.8272547721862793,2.4139633178710938,2.0472710132598877,7.1218342781066895
7130,7.904843807220459,0.2944265902042389,15.220834732055664,0.0002869022165408584,222.5491180419922,0.0,0.5,57.395267486572266,39.47667694091797,1.329893708229065,2.1582961082458496,2.1130924224853516,8.896625518798828
7135,7.78648567199707,0.17933005094528198,15.214311599731445,0.00028678808451470736,98.91366577148438,0.0,0.5,48.04914093017578,34.12353515625,1.6619176864624023,2.3801136016845703,1.8363724946975708,7.3040337562561035
7140,7.822225093841553,0.2126981019973755,15.219054222106934,0.0002866734829573732,162.10545349121094,0.0,0.5,56.92793273925781,40.136470794677734,1.6207318305969238,2.2054545879364014,2.128488540649414,7.662291049957275
7145,7.803754806518555,0.24191641807556152,15.123676300048828,0.0002865584123106808,700.968017578125,0.0,0.5,52.924461364746094,38.14796447753906,1.663640022277832,2.3100764751434326,2.040555953979492,7.581692695617676
7150,8.167864799499512,0.4020593762397766,15.531610488891602,0.00028644287301826356,173.5868682861328,0.0,0.5,60.176979064941406,41.39082717895508,1.7188963890075684,2.212430953979492,2.260490655899048,9.266193389892578
7155,7.989102840423584,0.32125768065452576,15.33569049835205,0.0002863268655255616,187.01806640625,0.0,0.5,55.46308898925781,40.791236877441406,1.709503412246704,2.3766026496887207,2.0835227966308594,8.635298728942871
7160,7.921907424926758,0.24967113137245178,15.344472885131836,0.00028621039027982,174.3654327392578,0.0,0.5,53.778770446777344,37.36595916748047,1.6203008890151978,2.3685364723205566,1.9982542991638184,7.637667179107666
7165,8.084714889526367,0.26347091794013977,15.642488479614258,0.0002860934477300874,504.9049987792969,0.0,0.5,82.59254455566406,59.021427154541016,1.7262448072433472,2.4664924144744873,3.103972911834717,9.36939525604248
7170,7.819691181182861,0.19236357510089874,15.254654884338379,0.0002859760383272139,126.1338119506836,0.0,0.5,49.82124328613281,34.04511260986328,1.623984694480896,2.455648422241211,1.8576903343200684,7.579460620880127
7175,7.869629859924316,0.21650677919387817,15.306245803833008,0.0002858581625238496,141.7600860595703,0.0,0.5,52.15597915649414,35.433738708496094,1.6977075338363647,2.2418723106384277,1.9016098976135254,9.061505317687988
7180,7.85659646987915,0.28128305077552795,15.150627136230469,0.0002857398207744424,72.1891098022461,0.0,0.5,53.136714935302734,36.85252380371094,1.7082105875015259,2.365159034729004,2.0113141536712646,7.084649085998535
7185,7.937302589416504,0.3435983955860138,15.187408447265625,0.00028562101353523696,117.20223999023438,0.0,0.5,56.1607780456543,39.22736740112305,1.365840196609497,2.214442491531372,2.0320534706115723,8.598155975341797
7190,7.876081943511963,0.29396846890449524,15.164226531982422,0.00028550174126427226,181.9613037109375,0.0,0.5,48.01477813720703,34.796669006347656,1.5625171661376953,2.289957284927368,1.8438152074813843,7.732729434967041
7195,7.840137481689453,0.26297831535339355,15.154317855834961,0.0002853820044213803,408.5760803222656,0.0,0.5,52.36907958984375,37.07776641845703,1.5674989223480225,2.1394662857055664,1.976813554763794,8.10729694366455
7199,7.920722484588623,0.35264384746551514,15.136157035827637,0.00028528588076542964,0.0,20.48145866394043,0.5,52.36907958984375,37.07776641845703,1.5674989223480225,2.1394662857055664,1.976813554763794,8.10729694366455
7200,7.9700469970703125,0.39373692870140076,15.152620315551758,0.0002852618034681841,528.9381713867188,0.0,0.5,67.65394592285156,46.334163665771484,2.127659320831299,2.718339443206787,2.548582077026367,8.552314758300781
7205,7.741057872772217,0.24294766783714294,14.996220588684082,0.0002851411388680959,192.05230712890625,0.0,0.5,62.19353485107422,41.8448486328125,1.7767770290374756,2.4501776695251465,2.3072147369384766,7.619632720947266
7210,7.715396404266357,0.1985091120004654,15.033774375915527,0.00028502001108631555,67.11109161376953,0.0,0.5,56.80211639404297,37.815433502197266,1.6656874418258667,2.3059980869293213,2.0745699405670166,7.584112167358398
7215,7.934986114501953,0.3248891532421112,15.220193862915039,0.0002848984205898285,353.3589172363281,0.0,0.5,64.40016174316406,47.46657180786133,1.638003945350647,2.487705707550049,2.4801602363586426,8.178979873657227
7220,7.727898597717285,0.21695232391357422,15.021892547607422,0.0002847763678474042,51.86281204223633,0.0,0.5,46.774139404296875,34.602603912353516,1.4180227518081665,2.3114655017852783,1.7667899131774902,7.730497360229492
7225,7.86176061630249,0.27031373977661133,15.182893753051758,0.0002846538533295942,138.4251251220703,0.0,0.5,61.33345031738281,43.47428894042969,1.6978453397750854,2.347719430923462,2.322880744934082,8.052976608276367
7230,7.88323450088501,0.2968384325504303,15.172792434692383,0.00028453087750873025,128.6864776611328,0.0,0.5,56.63896179199219,38.50239562988281,1.4896059036254883,2.224973201751709,2.04935359954834,7.1117119789123535
7235,7.8799285888671875,0.259046733379364,15.241764068603516,0.0002844074408589227,241.85577392578125,0.0,0.5,55.940887451171875,42.3065299987793,1.6854413747787476,2.3751015663146973,2.1371307373046875,10.365058898925781
7240,7.827546119689941,0.24753832817077637,15.160015106201172,0.0002842835438560584,93.76981353759766,0.0,0.5,47.909156799316406,33.73664093017578,1.3657891750335693,2.0394933223724365,1.7411671876907349,8.694475173950195
7245,7.864878177642822,0.2476116567850113,15.234533309936523,0.00028415918697779916,89.68962097167969,0.0,0.5,72.84017944335938,52.98664855957031,1.7308372259140015,2.3590087890625,2.7725210189819336,8.155563354492188
7250,8.030774116516113,0.3005676865577698,15.460412979125977,0.00028403437070357955,54.28852081298828,0.0,0.5,59.46382141113281,42.943485260009766,1.5182712078094482,2.3193681240081787,2.237804412841797,8.536735534667969
7255,7.882957458496094,0.2685348093509674,15.228845596313477,0.00028390909551460544,75.9101333618164,0.0,0.5,57.78826904296875,39.68255615234375,1.7229150533676147,2.3411426544189453,2.0934500694274902,8.60281753540039
7260,7.796972274780273,0.21288259327411652,15.168179512023926,0.0002837833618938519,29.405187606811523,0.0,0.5,55.30955505371094,40.751895904541016,1.4640424251556396,2.201460361480713,2.0869104862213135,6.62736177444458
7265,7.881488800048828,0.21424180269241333,15.334493637084961,0.0002836571703260614,154.30580139160156,0.0,0.5,57.885528564453125,41.05295181274414,1.5785276889801025,2.3672568798065186,2.1725730895996094,7.342945098876953
7270,7.718311786651611,0.19127069413661957,15.054081916809082,0.0002835305212977419,121.86722564697266,0.0,0.5,55.09031677246094,39.18804168701172,1.4050617218017578,2.357236862182617,2.0777246952056885,8.514982223510742
7275,7.924822807312012,0.2542608082294464,15.341123580932617,0.00028340341529716504,61.784873962402344,0.0,0.5,64.4771499633789,43.2003173828125,1.627196192741394,2.720170259475708,2.436732053756714,7.359879970550537
7280,7.8267998695373535,0.21647046506404877,15.220659255981445,0.00028327585281436425,85.7463150024414,0.0,0.5,58.817256927490234,38.33790588378906,1.5126370191574097,2.409985303878784,2.1491262912750244,8.092473983764648
7285,7.819287300109863,0.252706915140152,15.133160591125488,0.0002831478343411328,112.12830352783203,0.0,0.5,58.47892379760742,40.03376007080078,1.762505054473877,2.5976717472076416,2.1920154094696045,8.044034957885742
7290,7.708765029907227,0.16189081966876984,15.093748092651367,0.000283019360371022,69.33116149902344,0.0,0.5,50.71434783935547,34.85679244995117,1.4764742851257324,2.3777828216552734,1.853770136833191,7.773195266723633
7295,7.822548866271973,0.21565964818000793,15.213778495788574,0.0002828904313993392,119.21102142333984,0.0,0.5,48.64192199707031,36.063255310058594,1.504137635231018,2.1063263416290283,1.817408561706543,8.341817855834961
7300,7.884217739105225,0.3267463445663452,15.11494255065918,0.00028276104792314595,144.8240203857422,0.0,0.5,59.249488830566406,41.11545181274414,1.8677953481674194,2.367441177368164,2.1804990768432617,8.450387954711914
7305,7.783763885498047,0.21714499592781067,15.133237838745117,0.00028263121044125604,133.70846557617188,0.0,0.5,54.27671813964844,35.92402267456055,1.5651532411575317,2.4186344146728516,2.0009002685546875,7.408500671386719
7310,7.829777717590332,0.2670035660266876,15.125548362731934,0.0002825009194542336,209.43206787109375,0.0,0.5,61.2013053894043,41.731407165527344,1.5060999393463135,2.372929334640503,2.306088447570801,7.4980244636535645
7315,7.819379806518555,0.25715821981430054,15.124443054199219,0.00028237017546439117,71.33514404296875,0.0,0.5,56.75127410888672,38.10799789428711,1.6046154499053955,2.3029870986938477,2.0698490142822266,8.194211959838867
7320,7.852926254272461,0.31271806359291077,15.080416679382324,0.0002822389789757877,30.449403762817383,0.0,0.5,57.8033447265625,40.13669967651367,1.4673776626586914,2.242689609527588,2.051511526107788,7.254979610443115
7325,7.932682991027832,0.23077818751335144,15.403809547424316,0.0002821073304942268,94.7127685546875,0.0,0.5,63.570655822753906,42.08912658691406,1.815943956375122,2.6609010696411133,2.3954291343688965,7.580283164978027
7330,7.8867082595825195,0.2431868016719818,15.287042617797852,0.0002819752305272545,88.3855972290039,0.0,0.5,61.97311782836914,43.05598449707031,1.5088154077529907,2.2518205642700195,2.3090062141418457,8.157470703125
7335,7.935480117797852,0.2747402489185333,15.321479797363281,0.00028184267958415753,231.78414916992188,0.0,0.5,66.7990493774414,45.43020248413086,1.781369924545288,2.55790114402771,2.441802978515625,8.209625244140625
7340,7.833545207977295,0.2304142266511917,15.20626163482666,0.00028170967817596135,130.33230590820312,0.0,0.5,54.731842041015625,38.052608489990234,1.46733820438385,2.4015235900878906,2.0544819831848145,8.262832641601562
7345,7.7789835929870605,0.21636517345905304,15.125236511230469,0.00028157622681542784,38.18048095703125,0.0,0.5,58.638702392578125,40.44404220581055,1.5358353853225708,2.2636139392852783,2.089693069458008,7.719988822937012
7350,7.9350690841674805,0.24324515461921692,15.383647918701172,0.0002814423260170539,145.84901428222656,0.0,0.5,64.36070251464844,44.24174499511719,1.775061845779419,2.7470550537109375,2.4399781227111816,7.2510786056518555
7355,7.900610446929932,0.20887282490730286,15.383475303649902,0.000281307976297069,56.91172790527344,0.0,0.5,60.04018020629883,41.98486328125,1.6699742078781128,2.2897768020629883,2.1528782844543457,7.315203666687012
7360,7.76809024810791,0.18966296315193176,15.156854629516602,0.0002811731781734333,38.39136505126953,0.0,0.5,49.362388610839844,34.09773635864258,1.584252119064331,2.3269500732421875,1.8809360265731812,8.342214584350586
7365,7.800683498382568,0.19412682950496674,15.213113784790039,0.00028103793216583593,105.61466979980469,0.0,0.5,58.75547790527344,41.82591247558594,1.3785617351531982,2.0839152336120605,2.1486597061157227,7.6581878662109375
7370,7.773351192474365,0.24436436593532562,15.057973861694336,0.0002809022387956923,309.6151428222656,0.0,0.5,50.09828567504883,35.65200424194336,1.3387126922607422,2.191263198852539,1.8885995149612427,6.650449752807617
7375,7.862209320068359,0.25068145990371704,15.223055839538574,0.00028076609858614305,443.9078063964844,0.0,0.5,57.16340637207031,39.75230026245117,1.3030927181243896,2.126089096069336,2.0884170532226562,7.445244312286377
7380,8.044111251831055,0.3664063513278961,15.3554105758667,0.0002806295120620512,353.9639587402344,0.0,0.5,62.21672058105469,42.9503288269043,1.834707498550415,2.559133529663086,2.3157501220703125,8.378178596496582
7385,7.795187473297119,0.28340303897857666,15.023569107055664,0.0002804924797500005,211.68283081054688,0.0,0.5,56.21912384033203,38.652549743652344,1.5523772239685059,2.2319095134735107,1.9771506786346436,9.144224166870117
7390,7.808627128601074,0.21340662240982056,15.190441131591797,0.0002803550021782935,93.8619155883789,0.0,0.5,54.69148254394531,38.39769744873047,1.488757610321045,2.318179130554199,2.037137985229492,7.851956367492676
7395,7.8951263427734375,0.24007244408130646,15.310108184814453,0.0002802170798769492,54.38120651245117,0.0,0.5,59.584632873535156,42.12041091918945,1.7452802658081055,2.4900283813476562,2.2258150577545166,8.153026580810547
7400,7.861445903778076,0.27600330114364624,15.17088508605957,0.0002800787133777013,216.48703002929688,0.0,0.5,49.29572677612305,35.58173370361328,1.4080760478973389,1.955204725265503,1.8756424188613892,7.825706481933594
7405,7.80734920501709,0.23037421703338623,15.153949737548828,0.000279939903213996,46.42240905761719,0.0,0.5,46.71295166015625,33.07625198364258,1.3642444610595703,2.2633156776428223,1.7472281455993652,7.722301006317139
7410,7.838274955749512,0.2058248370885849,15.264900207519531,0.00027980064992098977,282.35107421875,0.0,0.5,58.10431671142578,40.66700744628906,1.623427391052246,2.445244550704956,2.1520323753356934,8.512657165527344
7415,7.829572677612305,0.2541657090187073,15.150814056396484,0.0002796609540355477,91.99646759033203,0.0,0.5,55.11490249633789,37.20848846435547,1.5462250709533691,2.126288414001465,2.0247952938079834,6.808146953582764
7420,7.791431903839111,0.261493980884552,15.05987548828125,0.0002795208160962412,200.95884704589844,0.0,0.5,47.79383850097656,33.80952072143555,1.4529407024383545,2.2481870651245117,1.7514266967773438,7.496589183807373
7425,7.8512864112854,0.2692665159702301,15.164039611816406,0.0002793802366433459,209.74766540527344,0.0,0.5,58.824851989746094,42.552825927734375,1.7925426959991455,2.353329658508301,2.2337636947631836,9.676945686340332
7430,7.808895111083984,0.28591424226760864,15.045961380004883,0.0002792392162188395,182.9686279296875,0.0,0.5,67.4371337890625,48.44468688964844,1.909345269203186,2.6632158756256104,2.6242313385009766,7.652936935424805
7435,8.054261207580566,0.4147087037563324,15.279104232788086,0.0002790977553664,174.8806915283203,0.0,0.5,54.89417266845703,40.361167907714844,1.8854007720947266,2.5069432258605957,2.0837326049804688,9.359732627868652
7440,7.8502278327941895,0.25491076707839966,15.190633773803711,0.0002789558546314031,410.392333984375,0.0,0.5,56.7977180480957,42.41673278808594,1.6163147687911987,2.305116653442383,2.184202194213867,8.120014190673828
7445,7.868619441986084,0.3125416040420532,15.11215591430664,0.00027881351456092066,92.33566284179688,0.0,0.5,40.01004409790039,29.554752349853516,1.3715264797210693,2.2063450813293457,1.4485559463500977,7.217920303344727
7450,8.031255722045898,0.35568109154701233,15.35114860534668,0.0002786707357037182,556.2882080078125,0.0,0.5,70.78914642333984,50.66313934326172,2.429992437362671,2.8967766761779785,2.6529088020324707,9.516241073608398
7455,7.925442218780518,0.3017037808895111,15.247476577758789,0.0002785275186102528,103.45293426513672,0.0,0.5,60.99616241455078,42.80651092529297,1.7239394187927246,2.3718738555908203,2.2992067337036133,7.9670915603637695
7460,7.883016109466553,0.3249157965183258,15.11620044708252,0.0002783838638326713,177.00460815429688,0.0,0.5,51.34516525268555,35.81172180175781,1.5724155902862549,2.3180480003356934,1.924915075302124,7.926266670227051
7465,7.776514530181885,0.24564246833324432,15.06174373626709,0.0002782397719248078,453.23260498046875,0.0,0.5,52.47188949584961,38.593414306640625,1.5531541109085083,2.4040539264678955,2.0098841190338135,7.9653167724609375
7470,7.861172199249268,0.2133469581604004,15.295650482177734,0.00027809524344218163,673.05419921875,0.0,0.5,59.444847106933594,42.99241638183594,1.5271015167236328,2.3783254623413086,2.2747862339019775,8.027565956115723
7475,7.739809036254883,0.2409055531024933,14.997806549072266,0.0002779502789419954,68.80733489990234,0.0,0.5,46.41558074951172,35.218040466308594,1.4796308279037476,2.3346736431121826,1.8045510053634644,7.624615669250488
7480,7.949573040008545,0.32411134243011475,15.250923156738281,0.00027780487898313263,90.02241516113281,0.0,0.5,53.03410339355469,38.74022674560547,1.484086513519287,2.2769880294799805,1.9838827848434448,8.522127151489258
7485,7.746711730957031,0.24863889813423157,14.996145248413086,0.0002776590441261556,309.9178771972656,0.0,0.5,53.59956359863281,38.70158386230469,1.4761098623275757,2.34572172164917,2.0335850715637207,7.575278282165527
7490,7.9941511154174805,0.3787902593612671,15.230721473693848,0.0002775127749333034,269.2449645996094,0.0,0.5,66.31029510498047,47.112754821777344,2.112269401550293,2.845482110977173,2.489936351776123,9.569791793823242
7495,7.839685440063477,0.25715839862823486,15.165054321289062,0.00027736607196848957,176.74305725097656,0.0,0.5,59.94024658203125,43.589263916015625,1.756431221961975,2.386408805847168,2.350891590118408,8.844806671142578
7500,7.958188533782959,0.30658021569252014,15.303216934204102,0.0002772189357972998,117.25582122802734,0.0,0.5,67.68958282470703,46.80068588256836,1.851819634437561,2.4759254455566406,2.543948173522949,8.317551612854004
7505,7.742164611816406,0.2288428544998169,15.026643753051758,0.00027707136698699027,577.2994384765625,0.0,0.5,54.740238189697266,39.7321662902832,1.6946327686309814,2.394573926925659,2.1082029342651367,7.968339920043945
7510,7.927408218383789,0.27415481209754944,15.306507110595703,0.00027692336610648485,252.0813446044922,0.0,0.5,61.562747955322266,43.995635986328125,1.7905290126800537,2.524054765701294,2.4249119758605957,9.152593612670898
7515,7.84498405456543,0.2634032070636749,15.163161277770996,0.0002767749337263732,194.0078887939453,0.0,0.5,58.386905670166016,43.92051315307617,1.641618251800537,2.419492483139038,2.2404792308807373,8.945493698120117
7520,7.953263759613037,0.24686786532402039,15.412792205810547,0.0002766260704189087,146.93971252441406,0.0,0.5,65.60575866699219,45.726654052734375,1.7275714874267578,2.4149441719055176,2.5024495124816895,7.071755409240723
7525,7.857028961181641,0.23537646234035492,15.243305206298828,0.0002764767767580059,121.78316497802734,0.0,0.5,65.29965209960938,45.72211837768555,1.6684114933013916,2.596221923828125,2.4714245796203613,8.22325325012207
7530,7.996235370635986,0.26371896266937256,15.465032577514648,0.0002763270533192387,42.30433654785156,0.0,0.5,64.30227661132812,45.771244049072266,1.6763522624969482,2.2409355640411377,2.4115796089172363,7.129794120788574
7535,7.6555023193359375,0.14885757863521576,15.013289451599121,0.00027617690067983767,46.58908462524414,0.0,0.5,46.54758834838867,33.65300369262695,1.1627707481384277,2.0157690048217773,1.7187860012054443,7.007646083831787
7540,7.94067907333374,0.38257816433906555,15.116201400756836,0.00027602631941868835,148.9707489013672,0.0,0.5,56.216148376464844,39.851768493652344,1.421571969985962,2.141920566558838,2.1292197704315186,8.048423767089844
7545,7.83283805847168,0.23067563772201538,15.204324722290039,0.00027587531011632864,356.22552490234375,0.0,0.5,55.01545333862305,39.02589797973633,1.4926685094833374,2.4288992881774902,1.9935401678085327,8.30815315246582
7550,7.848944664001465,0.2719154953956604,15.154058456420898,0.00027572387335494654,191.69082641601562,0.0,0.5,51.31908416748047,35.84699249267578,1.54524827003479,2.4334323406219482,1.8814066648483276,7.498508930206299
7555,7.892083644866943,0.2797465920448303,15.224674224853516,0.00027557200971837825,85.1012954711914,0.0,0.5,59.586578369140625,41.7789306640625,1.4963715076446533,2.3387393951416016,2.212648391723633,8.767991065979004
7560,7.859287261962891,0.27108660340309143,15.176401138305664,0.00027541971979210564,301.5260314941406,0.0,0.5,59.334693908691406,42.44841766357422,1.7253103256225586,2.384117841720581,2.3309924602508545,7.080116271972656
7565,7.749508380889893,0.1925923377275467,15.113832473754883,0.000275267004163254,35.61088562011719,0.0,0.5,49.0469856262207,33.0866584777832,1.5109566450119019,2.157733201980591,1.7912123203277588,7.799599647521973
7570,7.825529098510742,0.25041016936302185,15.150238037109375,0.00027511386342058986,142.75047302246094,0.0,0.5,48.87745666503906,34.659332275390625,1.4754095077514648,2.1440603733062744,1.8690192699432373,6.908454895019531
7575,7.859309673309326,0.25363636016845703,15.211346626281738,0.00027496029815451874,280.7025451660156,0.0,0.5,57.05891036987305,41.33521270751953,1.5258618593215942,2.1872200965881348,2.138108253479004,8.944222450256348
7580,7.810048580169678,0.27827370166778564,15.063549995422363,0.0002748063089570828,285.7035217285156,0.0,0.5,52.630226135253906,36.5683708190918,1.6089935302734375,2.452877998352051,1.9495339393615723,7.682073593139648
7585,7.8252787590026855,0.24230490624904633,15.165947914123535,0.00027465189642195863,454.5765075683594,0.0,0.5,56.35657501220703,39.470706939697266,1.7324997186660767,2.2843828201293945,2.0367074012756348,7.483516693115234
7590,7.84311056137085,0.22872808575630188,15.228764533996582,0.0002744970611444548,108.0049819946289,0.0,0.5,59.24738311767578,42.257484436035156,1.6783318519592285,2.3833072185516357,2.269857168197632,7.170169830322266
7595,7.761020660400391,0.19907747209072113,15.123886108398438,0.0002743418037215098,88.62164306640625,0.0,0.5,54.441368103027344,39.29723358154297,1.5143647193908691,2.3861238956451416,1.9793753623962402,7.804080009460449
7599,7.882775783538818,0.17255918681621552,15.420433044433594,0.00027421729424061787,0.0,17.366840362548828,0.5,54.441368103027344,39.29723358154297,1.5143647193908691,2.3861238956451416,1.9793753623962402,7.804080009460449
7600,7.845075607299805,0.21024034917354584,15.269670486450195,0.0002741861247516896,237.63558959960938,0.0,0.5,52.48561477661133,36.99576950073242,1.5956075191497803,2.5725550651550293,1.9340968132019043,7.2785491943359375
7605,7.739550590515137,0.19448378682136536,15.090133666992188,0.00027403002483518537,115.96805572509766,0.0,0.5,54.30970001220703,38.05272674560547,1.4977506399154663,2.1813528537750244,2.0313425064086914,8.125770568847656
7610,7.7919182777404785,0.24774503707885742,15.088346481323242,0.0002738735045738111,76.58245086669922,0.0,0.5,49.12057113647461,32.753334045410156,1.391042947769165,2.0392684936523438,1.7042834758758545,7.576575756072998
7615,7.779293537139893,0.1975717395544052,15.163443565368652,0.0002737165645710014,60.984439849853516,0.0,0.5,58.81922912597656,41.01106262207031,1.4724605083465576,2.265458106994629,2.143051862716675,7.10284948348999
7620,7.828694820404053,0.22793413698673248,15.201520919799805,0.00027355920543180914,57.38835144042969,0.0,0.5,56.1812629699707,37.97990798950195,1.7249031066894531,2.341362953186035,2.156287670135498,7.18941593170166
7625,7.916574478149414,0.2411917895078659,15.350765228271484,0.00027340142776290305,63.76342010498047,0.0,0.5,52.573036193847656,36.311302185058594,1.5459718704223633,2.4882566928863525,1.959386944770813,8.251001358032227
7630,7.87180233001709,0.22338558733463287,15.296833038330078,0.00027324323217256535,115.27226257324219,0.0,0.5,59.88078308105469,40.077144622802734,1.6347906589508057,2.483579397201538,2.164360523223877,7.503658294677734
7635,7.804753303527832,0.2066156268119812,15.19627571105957,0.00027308461927068957,65.23809814453125,0.0,0.5,52.59741973876953,36.359153747558594,1.5208659172058105,2.2995846271514893,1.937751054763794,6.996460437774658
7640,7.816834926605225,0.2194516360759735,15.194766998291016,0.00027292558966877814,79.96489715576172,0.0,0.5,51.629676818847656,38.80509948730469,1.5122921466827393,2.2396202087402344,1.9286695718765259,8.674161911010742
7645,7.743387699127197,0.2685540020465851,14.949666976928711,0.00027276614397994,136.63929748535156,0.0,0.5,55.76619338989258,40.376338958740234,1.5537738800048828,2.3399763107299805,2.126042604446411,7.773410797119141
7650,7.846556663513184,0.28505751490592957,15.122998237609863,0.00027260628281888804,284.42401123046875,0.0,0.5,56.74162292480469,40.41071319580078,1.635676383972168,2.552460193634033,2.1932685375213623,7.661515712738037
7655,7.9076433181762695,0.18748019635677338,15.440326690673828,0.0002724460068019371,267.4222412109375,0.0,0.5,51.501399993896484,34.91421127319336,1.4848335981369019,2.3178257942199707,1.906685709953308,6.623581886291504
7660,7.877575397491455,0.2016269564628601,15.351897239685059,0.0002722853165470015,120.88758087158203,0.0,0.5,58.589725494384766,41.947757720947266,1.6897352933883667,2.251232624053955,2.2168643474578857,9.28213119506836
7665,7.950521469116211,0.30411791801452637,15.292807579040527,0.00027212421267359233,130.4863739013672,0.0,0.5,61.06536102294922,42.30181884765625,1.603264331817627,2.4217867851257324,2.3098037242889404,7.561424732208252
7670,7.970417022705078,0.25043824315071106,15.439957618713379,0.00027196269580281553,269.4544982910156,0.0,0.5,54.57380676269531,40.002471923828125,1.6197094917297363,2.344364643096924,2.0332701206207275,8.753957748413086
7675,7.838800430297852,0.2637881338596344,15.1500244140625,0.0002718007665573692,208.0852813720703,0.0,0.5,60.249114990234375,43.395545959472656,1.984858512878418,2.4598493576049805,2.2928788661956787,8.322093963623047
7680,7.940085411071777,0.3293885588645935,15.221393585205078,0.00027163842556154124,443.7602844238281,0.0,0.5,56.98211669921875,39.47254180908203,1.564960241317749,2.3310787677764893,2.0923361778259277,8.248804092407227
7685,7.728055000305176,0.21340066194534302,15.029308319091797,0.00027147567344120696,33.503963470458984,0.0,0.5,48.462623596191406,34.01791000366211,1.4049816131591797,2.2575790882110596,1.8173161745071411,7.5925726890563965
7690,7.687987327575684,0.18488232791423798,15.006210327148438,0.0002713125108238267,97.67749786376953,0.0,0.5,45.79866027832031,33.09107208251953,1.2812515497207642,2.0942306518554688,1.704164743423462,7.632316589355469
7695,7.871697425842285,0.22526484727859497,15.292864799499512,0.0002711489383384435,52.805904388427734,0.0,0.5,51.28202438354492,36.239418029785156,1.3368184566497803,2.168653726577759,1.9189447164535522,8.162368774414062
7700,7.781373500823975,0.23053517937660217,15.101676940917969,0.0002709849566156805,243.8956756591797,0.0,0.5,60.19918441772461,42.09035873413086,1.7416431903839111,2.4022634029388428,2.180927276611328,7.905988693237305
7705,7.768371105194092,0.20261065661907196,15.131521224975586,0.00027082056628773845,91.00244140625,0.0,0.5,64.33445739746094,45.915008544921875,1.655782699584961,2.3400888442993164,2.459019660949707,8.374862670898438
7710,7.760229587554932,0.19817204773426056,15.124114990234375,0.0002706557679883936,80.46809387207031,0.0,0.5,51.721595764160156,37.10865783691406,1.5939488410949707,2.167933702468872,1.9985929727554321,7.229321479797363
7715,7.939370632171631,0.277547150850296,15.323646545410156,0.000270490562352995,355.1675109863281,0.0,0.5,59.482582092285156,41.48020935058594,1.641556739807129,2.287907123565674,2.2037038803100586,8.506196975708008
7720,8.235642433166504,0.38225844502449036,15.706767082214355,0.00027032495001846197,134.74867248535156,0.0,0.5,65.95673370361328,47.922019958496094,1.676264762878418,2.3526134490966797,2.574864149093628,10.328832626342773
7725,8.047246932983398,0.3391402065753937,15.416213989257812,0.000270158931623282,218.7600555419922,0.0,0.5,73.98399353027344,51.96349334716797,1.8697861433029175,2.221745729446411,2.7596628665924072,10.075401306152344
7730,7.759591102600098,0.1837301403284073,15.151721954345703,0.0002699925078075079,115.7080307006836,0.0,0.5,58.79771423339844,42.16897964477539,1.550492525100708,2.310584545135498,2.2420990467071533,7.563146591186523
7735,7.8746185302734375,0.28596585988998413,15.177305221557617,0.00026982567921275555,104.9737319946289,0.0,0.5,56.93816375732422,42.03374481201172,1.86626136302948,2.365748882293701,2.2168397903442383,8.059880256652832
7740,7.8301777839660645,0.23542630672454834,15.189502716064453,0.0002696584464822015,95.24649047851562,0.0,0.5,55.315147399902344,38.132843017578125,1.5513460636138916,2.434490442276001,2.042753219604492,7.822660446166992
7745,7.904116153717041,0.2639646530151367,15.280303001403809,0.0002694908102605802,46.01016616821289,0.0,0.5,62.303619384765625,42.875240325927734,1.8613238334655762,2.6720666885375977,2.31685209274292,7.750402450561523
7750,7.810927867889404,0.24578857421875,15.130278587341309,0.00026932277119418176,327.8776550292969,0.0,0.5,56.129859924316406,38.545475006103516,1.644869089126587,2.1712639331817627,2.030550956726074,9.386330604553223
7755,7.814957618713379,0.24049271643161774,15.148929595947266,0.00026915432993084926,94.97509002685547,0.0,0.5,48.282989501953125,34.77018356323242,1.5357179641723633,2.5040512084960938,1.7997963428497314,7.522675514221191
7760,7.782342433929443,0.19138413667678833,15.181916236877441,0.0002689854871199767,17.920053482055664,0.0,0.5,45.82864761352539,32.4127197265625,1.4479115009307861,2.069798469543457,1.7102155685424805,8.06008243560791
7765,7.811659336090088,0.22777406871318817,15.167770385742188,0.00026881624341250587,170.03582763671875,0.0,0.5,52.71785354614258,36.001766204833984,1.4476901292800903,2.2903990745544434,1.9788389205932617,7.332732677459717
7770,7.810896873474121,0.26251220703125,15.096769332885742,0.00026864659946092414,131.20762634277344,0.0,0.5,53.14563751220703,37.84953308105469,1.313153862953186,2.230868339538574,1.9435454607009888,7.905584335327148
7775,7.986647129058838,0.30527636408805847,15.362741470336914,0.0002684765559192622,194.56236267089844,0.0,0.5,49.523033142089844,35.158042907714844,1.3175373077392578,2.1237926483154297,1.8364570140838623,6.902177810668945
7780,7.8164896965026855,0.2298099249601364,15.173359870910645,0.00026830611344309097,165.44761657714844,0.0,0.5,51.7568359375,36.467864990234375,1.601664662361145,2.237692356109619,1.973010540008545,7.95020866394043
7785,7.940717697143555,0.3783228099346161,15.12479019165039,0.0002681352726895197,218.83831787109375,0.0,0.5,57.69363021850586,40.221168518066406,1.6004900932312012,2.201357841491699,2.150291681289673,6.88301420211792
7790,7.86378812789917,0.26440292596817017,15.198770523071289,0.0002679640343171928,448.3153076171875,0.0,0.5,46.90751266479492,32.89589309692383,1.4102153778076172,2.178766965866089,1.6917142868041992,8.556102752685547
7795,7.758152484893799,0.20906011760234833,15.098184585571289,0.00026779239898628784,111.19226837158203,0.0,0.5,46.904388427734375,31.780914306640625,1.478996992111206,2.3760595321655273,1.6660206317901611,6.957592010498047
7800,7.685445785522461,0.18110166490077972,15.008687973022461,0.00026762036735851285,102.27700805664062,0.0,0.5,44.138282775878906,32.73506164550781,1.3957624435424805,2.2779085636138916,1.6623942852020264,7.941944599151611
7805,7.88807487487793,0.2828511595726013,15.210447311401367,0.0002674479400971035,136.95697021484375,0.0,0.5,54.71142578125,38.72749710083008,1.490394115447998,2.3176679611206055,2.028176784515381,7.785538673400879
7810,7.699206352233887,0.19166181981563568,15.01508903503418,0.00026727511786682083,63.499942779541016,0.0,0.5,50.71381378173828,35.53089904785156,1.485412359237671,2.225619316101074,1.911942958831787,7.339441299438477
7815,7.737834930419922,0.2192002236843109,15.037269592285156,0.0002671019013339487,78.37296295166016,0.0,0.5,45.714630126953125,32.431976318359375,1.2575268745422363,2.21395206451416,1.6890403032302856,7.516026496887207
7820,7.724636554718018,0.2609838843345642,14.927305221557617,0.000266928291166291,169.34994506835938,0.0,0.5,46.660987854003906,34.49030685424805,1.388200283050537,2.1638455390930176,1.7562181949615479,7.085254669189453
7825,7.666221618652344,0.217776358127594,14.896890640258789,0.00026675428803316927,71.70709228515625,0.0,0.5,51.577369689941406,36.33306884765625,1.275705099105835,2.193330764770508,1.865921139717102,7.151142120361328
7830,7.777082920074463,0.21490633487701416,15.124353408813477,0.00026657989260542005,56.02201461791992,0.0,0.5,51.36814880371094,36.11607360839844,1.531818151473999,2.4344863891601562,1.932234287261963,7.668609619140625
7835,7.860867500305176,0.2590656578540802,15.203603744506836,0.0002664051055553923,176.4077606201172,0.0,0.5,52.5142822265625,36.91070556640625,1.5693681240081787,2.423896312713623,1.9375836849212646,7.833777904510498
7840,7.860887050628662,0.26630935072898865,15.189155578613281,0.0002662299275569448,711.6909790039062,0.0,0.5,54.16044235229492,38.33781051635742,1.709991455078125,2.435746908187866,2.057135820388794,7.6199493408203125
7845,7.748664855957031,0.17973703145980835,15.137855529785156,0.0002660543592854436,269.8834228515625,0.0,0.5,55.56816864013672,38.22602844238281,1.4662222862243652,2.2912209033966064,2.13098406791687,7.955993175506592
7850,7.753460884094238,0.20850242674350739,15.089917182922363,0.00026587840141775927,53.2100944519043,0.0,0.5,52.692874908447266,38.174495697021484,1.2518442869186401,2.038625717163086,1.9168528318405151,7.885826110839844
7855,7.764482498168945,0.23615318536758423,15.056658744812012,0.00026570205463226457,33.78156280517578,0.0,0.5,46.40113067626953,32.61393737792969,1.4134581089019775,2.1792829036712646,1.7489432096481323,7.151837348937988
7860,8.151496887207031,0.32642969489097595,15.650134086608887,0.00026552531960883144,244.4696044921875,0.0,0.5,66.91797637939453,46.232112884521484,1.8327503204345703,2.576274871826172,2.416243553161621,7.3451619148254395
7865,7.959263324737549,0.28065115213394165,15.357224464416504,0.0002653481970288287,138.30606079101562,0.0,0.5,65.94522857666016,44.332008361816406,1.622140645980835,2.435492515563965,2.504826545715332,6.990379333496094
7870,7.817817211151123,0.23243796825408936,15.170758247375488,0.00026517068757511946,157.15701293945312,0.0,0.5,51.3197021484375,36.56138229370117,1.4668784141540527,2.2433996200561523,1.8886421918869019,8.061651229858398
7875,7.872280120849609,0.2526126205921173,15.239335060119629,0.0002649927919320581,109.45375061035156,0.0,0.5,47.60609436035156,34.56155776977539,1.3898895978927612,2.253904342651367,1.8587030172348022,7.356889724731445
7880,7.774294376373291,0.23222026228904724,15.084148406982422,0.000264814510785488,203.40127563476562,0.0,0.5,51.41613006591797,36.40317916870117,1.264738917350769,1.9957367181777954,1.9046956300735474,7.058615207672119
7885,7.929243564605713,0.25391706824302673,15.350652694702148,0.0002646358448227389,614.4158325195312,0.0,0.5,77.13856506347656,52.97301483154297,1.8943473100662231,2.55649995803833,2.8004515171051025,9.07798957824707
7890,7.895676136016846,0.26490548253059387,15.261541366577148,0.0002644567947326239,175.14866638183594,0.0,0.5,58.4512939453125,43.26744842529297,2.000943899154663,2.503342628479004,2.3065500259399414,8.383156776428223
7895,7.74584436416626,0.25628748536109924,14.979113578796387,0.00026427736120543713,215.99758911132812,0.0,0.5,62.16985321044922,44.865394592285156,1.7451151609420776,2.4811015129089355,2.4237687587738037,9.025575637817383
7900,7.947864532470703,0.3086799085140228,15.278368949890137,0.00026409754493295106,408.7245788574219,0.0,0.5,53.29725646972656,38.27653503417969,1.3737568855285645,2.208148956298828,2.0050811767578125,7.757666110992432
7905,7.790012359619141,0.24715328216552734,15.085718154907227,0.0002639173466084136,144.6294708251953,0.0,0.5,52.34510040283203,38.248497009277344,1.6735436916351318,2.366705894470215,1.9816246032714844,6.350698471069336
7910,7.921078205108643,0.29409757256507874,15.253961563110352,0.00026373676692654585,72.63329315185547,0.0,0.5,65.46533966064453,46.25183868408203,1.5755910873413086,2.319427013397217,2.463033676147461,7.65242338180542
7915,7.846487522125244,0.25129035115242004,15.190394401550293,0.00026355580658353884,510.3878479003906,0.0,0.5,59.02277374267578,40.16741180419922,1.7679202556610107,2.4808592796325684,2.1473207473754883,7.274723052978516
7920,7.8597235679626465,0.19776682555675507,15.32391357421875,0.0002633744662770515,185.4301300048828,0.0,0.5,66.30659484863281,46.14805603027344,1.6454110145568848,2.273625373840332,2.5215084552764893,9.186285972595215
7925,7.913745403289795,0.23523950576782227,15.357011795043945,0.0002631927467062073,134.82427978515625,0.0,0.5,59.447566986083984,39.683815002441406,1.7770278453826904,2.419144630432129,2.228990077972412,6.8317155838012695
7930,7.8200249671936035,0.2077067643404007,15.22463607788086,0.0002630106485715921,59.192588806152344,0.0,0.5,54.65643310546875,37.640777587890625,1.2608082294464111,2.0761122703552246,2.025599718093872,7.60295295715332
7935,7.769218444824219,0.23160004615783691,15.075237274169922,0.0002628281725752513,94.76602172851562,0.0,0.5,49.71562957763672,37.890655517578125,1.5261013507843018,2.3586955070495605,1.9022539854049683,7.760006904602051
7940,7.756896495819092,0.24110260605812073,15.031587600708008,0.00026264531942068683,67.71649932861328,0.0,0.5,48.57286834716797,33.551143646240234,1.4447903633117676,2.0219359397888184,1.8138436079025269,7.733136177062988
7945,7.816298007965088,0.23976384103298187,15.153068542480469,0.00026246208981285494,224.70188903808594,0.0,0.5,62.97669982910156,43.43986892700195,1.607637882232666,2.2730236053466797,2.3554935455322266,8.25888729095459
7950,7.882143020629883,0.24367818236351013,15.27692985534668,0.0002622784844581631,103.63813781738281,0.0,0.5,62.51457977294922,43.88842010498047,1.918654441833496,2.932215452194214,2.361525774002075,7.59876823425293
7955,8.047953605651855,0.2639164626598358,15.568074226379395,0.0002620945040644674,182.40042114257812,0.0,0.5,69.56841278076172,48.885948181152344,2.0905168056488037,2.612309694290161,2.621830940246582,7.821673393249512
7960,7.697239875793457,0.17348292469978333,15.047513961791992,0.0002619101493410698,35.08454895019531,0.0,0.5,54.65509033203125,39.80134582519531,1.4919548034667969,2.2467434406280518,2.045426607131958,7.528294563293457
7965,8.144993782043457,0.3023119270801544,15.685362815856934,0.0002617254209987155,389.1627197265625,0.0,0.5,64.21607208251953,47.560394287109375,1.5739631652832031,2.209960699081421,2.4347126483917236,9.774857521057129
7970,8.291938781738281,0.37215274572372437,15.83957290649414,0.00026154031974959013,125.86372375488281,0.0,0.5,59.41356658935547,43.163673400878906,1.5244195461273193,2.2083988189697266,2.2558088302612305,10.110426902770996
7975,8.115496635437012,0.42286863923072815,15.38525676727295,0.00026135484630731686,471.65399169921875,0.0,0.5,63.98289489746094,46.568485260009766,1.721395492553711,2.4674530029296875,2.3829710483551025,9.106527328491211
7980,7.787591457366943,0.20977246761322021,15.155637741088867,0.00026116900138695387,262.40386962890625,0.0,0.5,46.114601135253906,32.3314208984375,1.3943290710449219,2.1538333892822266,1.6854503154754639,8.806892395019531
7985,7.692026615142822,0.2106238305568695,14.96280574798584,0.0002609827857049915,278.05096435546875,0.0,0.5,51.447025299072266,37.05853271484375,1.295932650566101,2.1561732292175293,1.9591796398162842,7.23906946182251
7990,7.7061767578125,0.1970502734184265,15.018253326416016,0.0002607961999793495,273.5147705078125,0.0,0.5,49.723079681396484,35.85392379760742,1.3502272367477417,2.2724227905273438,1.9449598789215088,7.643964767456055
7995,7.775339126586914,0.21388113498687744,15.122916221618652,0.0002606092449293742,228.62649536132812,0.0,0.5,41.71515655517578,30.65218162536621,1.3853759765625,2.098843574523926,1.5770788192749023,6.982790946960449
7999,7.693295001983643,0.21886330842971802,14.94886302947998,0.0002604594154601839,0.0,15.27872371673584,0.5,41.71515655517578,30.65218162536621,1.3853759765625,2.098843574523926,1.5770788192749023,6.982790946960449
